-- ============================================================
-- Local runtime seed
-- 목적:
-- - 프론트 auth/onboarding/invite/funeral/memorial 플로우를 local DB 기준으로 바로 재현
-- - 별자리 추모관 테스트용 memorial pet 50마리 + recent 10마리 + owner/guest 연결 + 댓글 500개
-- 주의:
-- - users.name / phone / email은 암호화 컨버터가 있어 local SQL에서는 null로 유지
-- - invite_code는 SQL insert 시 직접 고정값을 넣는다
-- ============================================================


-- a2e83e41
-- ef2a77a4

-- 최근 7일 이내 별자리 추모관 반려동물
-- 9111 별이 / 9117 단추 / 9121 구름 / 9122 달이 / 9123 몽실 / 9124 까미 / 9125 초롱 / 9126 진주 / 9136 체리 / 9137 벨라

INSERT INTO pets (
    id,
    breed_id,
    name,
    birth_date,
    gender,
    weight,
    invite_code,
    profile_image_url,
    emergency_mode,
    lifecycle_status,
    death_date,
    created_at,
    updated_at
) VALUES
    (9101, 61, '보리', '2021-05-12', 'MALE', 4.1, 'BORI1001', NULL, FALSE, 'BEFORE_FAREWELL', NULL, '2026-03-18 09:00:00', '2026-03-18 09:00:00'),
    (9102, 286, '코코', '2023-09-01', 'FEMALE', 3.4, 'COCO1002', NULL, FALSE, 'BEFORE_FAREWELL', NULL, '2026-03-18 09:00:00', '2026-03-18 09:00:00'),
    (9103, 192, '뭉치', '2018-02-17', 'MALE', 11.2, 'MUNG1003', NULL, TRUE, 'AFTER_FAREWELL', '2026-03-01 07:30:00', '2026-03-18 09:00:00', '2026-03-18 09:00:00'),
    (9104, 319, '루나', '2017-11-08', 'FEMALE', 4.5, 'LUNA1004', NULL, FALSE, 'AFTER_FAREWELL', '2025-12-11 18:45:00', '2026-03-18 09:00:00', '2026-03-18 09:00:00'),
    (9105, 107, '초코', '2020-07-23', 'MALE', 5.0, 'CHOK1005', NULL, FALSE, 'BEFORE_FAREWELL', NULL, '2026-03-18 09:00:00', '2026-03-18 09:00:00'),
    (9106, 346, '모모', '2022-01-14', 'FEMALE', 3.8, 'MOMO1006', NULL, TRUE, 'AFTER_FAREWELL', '2026-02-22 11:00:00', '2026-03-18 09:00:00', '2026-03-18 09:00:00'),
    (9107, 279, '대박', '2019-04-30', 'MALE', 2.9, 'DAEB1007', NULL, FALSE, 'AFTER_FAREWELL', '2024-08-19 09:10:00', '2026-03-18 09:00:00', '2026-03-18 09:00:00'),
    (9108, 381, '나비', '2024-01-05', 'FEMALE', 4.0, 'NABI1008', NULL, FALSE, 'BEFORE_FAREWELL', NULL, '2026-03-18 09:00:00', '2026-03-18 09:00:00'),
    (9109, 480, '또치', '2023-03-15', 'MALE', 0.6, 'TTOC1009', NULL, FALSE, 'AFTER_FAREWELL', '2023-06-01 16:20:00', '2026-03-18 09:00:00', '2026-03-18 09:00:00'),
    (9110, 78, '사랑', '2016-10-04', 'FEMALE', 18.5, 'SARA1010', NULL, FALSE, 'BEFORE_FAREWELL', NULL, '2026-03-18 09:00:00', '2026-03-18 09:00:00'),
    (9111, 61, '별이', '2021-06-14', 'MALE', 3.2, 'MEMO9111', NULL, FALSE, 'AFTER_FAREWELL', '2026-03-21 08:10:00', '2026-03-19 10:00:00', '2026-03-19 10:00:00'),
    (9112, 286, '콩이', '2020-09-03', 'FEMALE', 4.8, 'MEMO9112', NULL, FALSE, 'AFTER_FAREWELL', '2026-03-14 22:40:00', '2026-03-19 10:00:00', '2026-03-19 10:00:00'),
    (9113, 192, '두부', '2019-11-27', 'MALE', 6.1, 'MEMO9113', NULL, FALSE, 'AFTER_FAREWELL', '2026-03-14 14:05:00', '2026-03-19 10:00:00', '2026-03-19 10:00:00'),
    (9114, 319, '해피', '2018-04-18', 'FEMALE', 2.9, 'MEMO9114', NULL, FALSE, 'AFTER_FAREWELL', '2026-03-10 09:30:00', '2026-03-19 10:00:00', '2026-03-19 10:00:00'),
    (9115, 107, '밤이', '2017-12-09', 'MALE', 7.4, 'MEMO9115', NULL, FALSE, 'AFTER_FAREWELL', '2026-02-03 18:20:00', '2026-03-19 10:00:00', '2026-03-19 10:00:00'),
    (9116, 346, '토리', '2022-02-11', 'FEMALE', 5.3, 'MEMO9116', NULL, FALSE, 'AFTER_FAREWELL', '2025-11-02 08:10:00', '2026-03-19 10:00:00', '2026-03-19 10:00:00'),
    (9117, 279, '단추', '2021-01-21', 'MALE', 1.1, 'MEMO9117', NULL, FALSE, 'AFTER_FAREWELL', '2026-03-21 19:30:00', '2026-03-19 10:00:00', '2026-03-19 10:00:00'),
    (9118, 381, '호두', '2020-05-30', 'FEMALE', 8.0, 'MEMO9118', NULL, FALSE, 'AFTER_FAREWELL', '2026-03-14 19:15:00', '2026-03-19 10:00:00', '2026-03-19 10:00:00'),
    (9119, 480, '보름', '2016-08-17', 'MALE', 9.7, 'MEMO9119', NULL, FALSE, 'AFTER_FAREWELL', '2026-03-09 16:50:00', '2026-03-19 10:00:00', '2026-03-19 10:00:00'),
    (9120, 78, '솜이', '2015-10-05', 'FEMALE', 12.4, 'MEMO9120', NULL, FALSE, 'AFTER_FAREWELL', '2026-02-26 13:25:00', '2026-03-19 10:00:00', '2026-03-19 10:00:00'),
    (9121, 61, '구름', '2023-03-22', 'MALE', 4.2, 'MEMO9121', NULL, FALSE, 'AFTER_FAREWELL', '2026-03-20 17:20:00', '2026-03-19 10:00:00', '2026-03-19 10:00:00'),
    (9122, 286, '달이', '2024-07-12', 'FEMALE', 2.5, 'MEMO9122', NULL, FALSE, 'AFTER_FAREWELL', '2026-03-20 09:05:00', '2026-03-19 10:00:00', '2026-03-19 10:00:00'),
    (9123, 192, '몽실', '2014-09-02', 'MALE', 3.2, 'MEMO9123', NULL, FALSE, 'AFTER_FAREWELL', '2026-03-19 12:15:00', '2026-03-19 10:00:00', '2026-03-19 10:00:00'),
    (9124, 319, '까미', '2018-06-16', 'FEMALE', 4.8, 'MEMO9124', NULL, FALSE, 'AFTER_FAREWELL', '2026-03-19 06:45:00', '2026-03-19 10:00:00', '2026-03-19 10:00:00'),
    (9125, 107, '초롱', '2017-02-24', 'MALE', 6.1, 'MEMO9125', NULL, FALSE, 'AFTER_FAREWELL', '2026-03-18 22:05:00', '2026-03-19 10:00:00', '2026-03-19 10:00:00'),
    (9126, 346, '진주', '2021-06-14', 'FEMALE', 2.9, 'MEMO9126', NULL, FALSE, 'AFTER_FAREWELL', '2026-03-18 14:30:00', '2026-03-19 10:00:00', '2026-03-19 10:00:00'),
    (9127, 279, '라떼', '2020-09-03', 'MALE', 7.4, 'MEMO9127', NULL, FALSE, 'AFTER_FAREWELL', '2026-03-14 23:30:00', '2026-03-19 10:00:00', '2026-03-19 10:00:00'),
    (9128, 381, '밀키', '2019-11-27', 'FEMALE', 5.3, 'MEMO9128', NULL, FALSE, 'AFTER_FAREWELL', '2026-03-14 07:50:00', '2026-03-19 10:00:00', '2026-03-19 10:00:00'),
    (9129, 480, '루비', '2018-04-18', 'MALE', 1.1, 'MEMO9129', NULL, FALSE, 'AFTER_FAREWELL', '2026-03-13 20:05:00', '2026-03-19 10:00:00', '2026-03-19 10:00:00'),
    (9130, 78, '코비', '2017-12-09', 'FEMALE', 8.0, 'MEMO9130', NULL, FALSE, 'AFTER_FAREWELL', '2026-03-13 11:40:00', '2026-03-19 10:00:00', '2026-03-19 10:00:00'),
    (9131, 61, '탄이', '2022-02-11', 'MALE', 9.7, 'MEMO9131', NULL, FALSE, 'AFTER_FAREWELL', '2026-03-12 16:20:00', '2026-03-19 10:00:00', '2026-03-19 10:00:00'),
    (9132, 286, '복실', '2021-01-21', 'FEMALE', 12.4, 'MEMO9132', NULL, FALSE, 'AFTER_FAREWELL', '2026-03-12 09:05:00', '2026-03-19 10:00:00', '2026-03-19 10:00:00'),
    (9133, 192, '바다', '2020-05-30', 'MALE', 4.2, 'MEMO9133', NULL, FALSE, 'AFTER_FAREWELL', '2026-03-11 22:15:00', '2026-03-19 10:00:00', '2026-03-19 10:00:00'),
    (9134, 319, '하늘', '2016-08-17', 'FEMALE', 2.5, 'MEMO9134', NULL, FALSE, 'AFTER_FAREWELL', '2026-03-11 14:40:00', '2026-03-19 10:00:00', '2026-03-19 10:00:00'),
    (9135, 107, '누리', '2015-10-05', 'MALE', 3.2, 'MEMO9135', NULL, FALSE, 'AFTER_FAREWELL', '2026-03-11 08:20:00', '2026-03-19 10:00:00', '2026-03-19 10:00:00'),
    (9136, 346, '체리', '2023-03-22', 'FEMALE', 4.8, 'MEMO9136', NULL, FALSE, 'AFTER_FAREWELL', '2026-03-16 10:25:00', '2026-03-19 10:00:00', '2026-03-19 10:00:00'),
    (9137, 279, '벨라', '2024-07-12', 'MALE', 6.1, 'MEMO9137', NULL, FALSE, 'AFTER_FAREWELL', '2026-03-15 09:40:00', '2026-03-19 10:00:00', '2026-03-19 10:00:00'),
    (9138, 381, '로또', '2014-09-02', 'FEMALE', 2.9, 'MEMO9138', NULL, FALSE, 'AFTER_FAREWELL', '2026-03-10 03:30:00', '2026-03-19 10:00:00', '2026-03-19 10:00:00'),
    (9139, 480, '봉구', '2018-06-16', 'MALE', 7.4, 'MEMO9139', NULL, FALSE, 'AFTER_FAREWELL', '2026-03-08 10:10:00', '2026-03-19 10:00:00', '2026-03-19 10:00:00'),
    (9140, 78, '쪼꼬', '2017-02-24', 'FEMALE', 5.3, 'MEMO9140', NULL, FALSE, 'AFTER_FAREWELL', '2026-03-07 15:00:00', '2026-03-19 10:00:00', '2026-03-19 10:00:00'),
    (9141, 61, '마루', '2021-06-14', 'MALE', 1.1, 'MEMO9141', NULL, FALSE, 'AFTER_FAREWELL', '2026-03-06 09:15:00', '2026-03-19 10:00:00', '2026-03-19 10:00:00'),
    (9142, 286, '하루', '2020-09-03', 'FEMALE', 8.0, 'MEMO9142', NULL, FALSE, 'AFTER_FAREWELL', '2026-03-05 18:00:00', '2026-03-19 10:00:00', '2026-03-19 10:00:00'),
    (9143, 192, '순이', '2019-11-27', 'MALE', 9.7, 'MEMO9143', NULL, FALSE, 'AFTER_FAREWELL', '2026-03-04 12:45:00', '2026-03-19 10:00:00', '2026-03-19 10:00:00'),
    (9144, 319, '호야', '2018-04-18', 'FEMALE', 12.4, 'MEMO9144', NULL, FALSE, 'AFTER_FAREWELL', '2026-03-03 17:20:00', '2026-03-19 10:00:00', '2026-03-19 10:00:00'),
    (9145, 107, '설기', '2017-12-09', 'MALE', 4.2, 'MEMO9145', NULL, FALSE, 'AFTER_FAREWELL', '2026-03-02 08:55:00', '2026-03-19 10:00:00', '2026-03-19 10:00:00'),
    (9146, 346, '토토', '2022-02-11', 'FEMALE', 2.5, 'MEMO9146', NULL, FALSE, 'AFTER_FAREWELL', '2026-02-28 14:35:00', '2026-03-19 10:00:00', '2026-03-19 10:00:00'),
    (9147, 279, '쿠키', '2021-01-21', 'MALE', 3.2, 'MEMO9147', NULL, FALSE, 'AFTER_FAREWELL', '2026-02-26 20:40:00', '2026-03-19 10:00:00', '2026-03-19 10:00:00'),
    (9148, 381, '뽀삐', '2020-05-30', 'FEMALE', 4.8, 'MEMO9148', NULL, FALSE, 'AFTER_FAREWELL', '2026-02-24 16:10:00', '2026-03-19 10:00:00', '2026-03-19 10:00:00'),
    (9149, 480, '새봄', '2016-08-17', 'MALE', 6.1, 'MEMO9149', NULL, FALSE, 'AFTER_FAREWELL', '2026-02-21 11:30:00', '2026-03-19 10:00:00', '2026-03-19 10:00:00'),
    (9150, 78, '들꽃', '2015-10-05', 'FEMALE', 2.9, 'MEMO9150', NULL, FALSE, 'AFTER_FAREWELL', '2026-02-18 19:05:00', '2026-03-19 10:00:00', '2026-03-19 10:00:00'),
    (9151, 61, '여름', '2023-03-22', 'MALE', 7.4, 'MEMO9151', NULL, FALSE, 'AFTER_FAREWELL', '2026-02-14 10:20:00', '2026-03-19 10:00:00', '2026-03-19 10:00:00'),
    (9152, 286, '가을', '2024-07-12', 'FEMALE', 5.3, 'MEMO9152', NULL, FALSE, 'AFTER_FAREWELL', '2026-02-10 07:50:00', '2026-03-19 10:00:00', '2026-03-19 10:00:00'),
    (9153, 192, '겨울', '2014-09-02', 'MALE', 1.1, 'MEMO9153', NULL, FALSE, 'AFTER_FAREWELL', '2026-01-26 13:40:00', '2026-03-19 10:00:00', '2026-03-19 10:00:00'),
    (9154, 319, '별밤', '2018-06-16', 'FEMALE', 8.0, 'MEMO9154', NULL, FALSE, 'AFTER_FAREWELL', '2025-12-28 15:25:00', '2026-03-19 10:00:00', '2026-03-19 10:00:00'),
    (9155, 107, '해달', '2017-02-24', 'MALE', 9.7, 'MEMO9155', NULL, FALSE, 'AFTER_FAREWELL', '2025-10-19 09:10:00', '2026-03-19 10:00:00', '2026-03-19 10:00:00')
ON DUPLICATE KEY UPDATE
    breed_id = VALUES(breed_id),
    name = VALUES(name),
    birth_date = VALUES(birth_date),
    gender = VALUES(gender),
    weight = VALUES(weight),
    invite_code = VALUES(invite_code),
    profile_image_url = VALUES(profile_image_url),
    emergency_mode = VALUES(emergency_mode),
    lifecycle_status = VALUES(lifecycle_status),
    death_date = VALUES(death_date),
    updated_at = VALUES(updated_at);

INSERT INTO users (
    id,
    name,
    nickname,
    phone,
    phone_hash,
    email,
    gender,
    birthday,
    birth_year,
    age_range,
    kakao_id,
    naver_id,
    profile_image_url,
    selected_pet_id,
    onboarding_complete,
    referral_type,
    referral_memo,
    deleted_at,
    notification_agreed_at,
    marketing_agreed_at,
    created_at,
    updated_at
) VALUES
    (9001, NULL, '보리엄마', NULL, NULL, NULL, NULL, NULL, NULL, NULL, 'seed_kakao_9001', NULL, NULL, 9101, TRUE, 'FRIEND', NULL, NULL, '2026-03-18 09:00:00', NULL, '2026-03-18 09:00:00', '2026-03-18 09:00:00'),
    (9002, NULL, '코코아빠', NULL, NULL, NULL, NULL, NULL, NULL, NULL, 'seed_kakao_9002', NULL, NULL, 9102, TRUE, 'INSTAGRAM', NULL, NULL, '2026-03-18 09:00:00', '2026-03-18 09:00:00', '2026-03-18 09:00:00', '2026-03-18 09:00:00'),
    (9003, NULL, '뭉치누나', NULL, NULL, NULL, NULL, NULL, NULL, NULL, 'seed_kakao_9003', NULL, NULL, 9104, TRUE, 'OTHER', '동네 추천', NULL, NULL, NULL, '2026-03-18 09:00:00', '2026-03-18 09:00:00'),
    (9004, NULL, '루나집사', NULL, NULL, NULL, NULL, NULL, NULL, NULL, 'seed_kakao_9004', NULL, NULL, 9104, TRUE, 'OFFLINE', NULL, NULL, '2026-03-18 09:00:00', NULL, '2026-03-18 09:00:00', '2026-03-18 09:00:00'),
    (9005, NULL, '초코형아', NULL, NULL, NULL, NULL, NULL, NULL, NULL, 'seed_kakao_9005', NULL, NULL, 9106, TRUE, 'THREADS', NULL, NULL, NULL, NULL, '2026-03-18 09:00:00', '2026-03-18 09:00:00'),
    (9006, NULL, '모모집사', NULL, NULL, NULL, NULL, NULL, NULL, NULL, 'seed_kakao_9006', NULL, NULL, 9106, TRUE, 'INSTAGRAM', NULL, NULL, '2026-03-18 09:00:00', '2026-03-18 09:00:00', '2026-03-18 09:00:00', '2026-03-18 09:00:00'),
    (9007, NULL, '대박아빠', NULL, NULL, NULL, NULL, NULL, NULL, NULL, 'seed_kakao_9007', NULL, NULL, 9107, TRUE, 'OFFLINE', NULL, NULL, NULL, NULL, '2026-03-18 09:00:00', '2026-03-18 09:00:00'),
    (9008, NULL, '나비보호자', NULL, NULL, NULL, NULL, NULL, NULL, NULL, 'seed_kakao_9008', NULL, NULL, NULL, TRUE, 'OFFLINE', NULL, NULL, '2026-03-18 09:00:00', NULL, '2026-03-18 09:00:00', '2026-03-18 09:00:00'),
    (9009, NULL, '또치메이트', NULL, NULL, NULL, NULL, NULL, NULL, NULL, 'seed_kakao_9009', NULL, NULL, 9109, FALSE, 'INSTAGRAM', NULL, NULL, NULL, NULL, '2026-03-18 09:00:00', '2026-03-18 09:00:00'),
    (9010, NULL, '사랑엄마', NULL, NULL, NULL, NULL, NULL, NULL, NULL, 'seed_kakao_9010', NULL, NULL, 9103, FALSE, 'OFFLINE', NULL, NULL, '2026-03-18 09:00:00', NULL, '2026-03-18 09:00:00', '2026-03-18 09:00:00'),
    (9011, NULL, '별이아빠', NULL, NULL, NULL, NULL, NULL, NULL, NULL, 'seed_kakao_9011', NULL, NULL, 9111, TRUE, 'THREADS', NULL, NULL, NULL, NULL, '2026-03-19 10:00:00', '2026-03-19 10:00:00'),
    (9012, NULL, '콩이보호자', NULL, NULL, NULL, NULL, NULL, NULL, NULL, 'seed_kakao_9012', NULL, NULL, 9112, TRUE, 'INSTAGRAM', NULL, NULL, '2026-03-19 10:00:00', '2026-03-19 10:00:00', '2026-03-19 10:00:00', '2026-03-19 10:00:00'),
    (9013, NULL, '두부집사', NULL, NULL, NULL, NULL, NULL, NULL, NULL, 'seed_kakao_9013', NULL, NULL, 9113, TRUE, 'OFFLINE', NULL, NULL, NULL, NULL, '2026-03-19 10:00:00', '2026-03-19 10:00:00'),
    (9014, NULL, '해피메이트', NULL, NULL, NULL, NULL, NULL, NULL, NULL, 'seed_kakao_9014', NULL, NULL, 9114, TRUE, 'OTHER', '추모관 테스트용', NULL, '2026-03-19 10:00:00', NULL, '2026-03-19 10:00:00', '2026-03-19 10:00:00'),
    (9015, NULL, '밤이엄마', NULL, NULL, NULL, NULL, NULL, NULL, NULL, 'seed_kakao_9015', NULL, NULL, 9115, TRUE, 'FRIEND', NULL, NULL, NULL, '2026-03-19 10:00:00', '2026-03-19 10:00:00', '2026-03-19 10:00:00'),
    (9016, NULL, '토리아빠', NULL, NULL, NULL, NULL, NULL, NULL, NULL, 'seed_kakao_9016', NULL, NULL, 9116, TRUE, 'THREADS', NULL, NULL, '2026-03-19 10:00:00', NULL, '2026-03-19 10:00:00', '2026-03-19 10:00:00'),
    (9017, NULL, '단추보호자', NULL, NULL, NULL, NULL, NULL, NULL, NULL, 'seed_kakao_9017', NULL, NULL, 9117, TRUE, 'INSTAGRAM', NULL, NULL, NULL, NULL, '2026-03-19 10:00:00', '2026-03-19 10:00:00'),
    (9018, NULL, '호두집사', NULL, NULL, NULL, NULL, NULL, NULL, NULL, 'seed_kakao_9018', NULL, NULL, 9118, TRUE, 'OFFLINE', NULL, NULL, '2026-03-19 10:00:00', '2026-03-19 10:00:00', '2026-03-19 10:00:00', '2026-03-19 10:00:00'),
    (9019, NULL, '보름메이트', NULL, NULL, NULL, NULL, NULL, NULL, NULL, 'seed_kakao_9019', NULL, NULL, 9119, TRUE, 'OTHER', '추모관 테스트용', NULL, NULL, NULL, '2026-03-19 10:00:00', '2026-03-19 10:00:00'),
    (9020, NULL, '솜이엄마', NULL, NULL, NULL, NULL, NULL, NULL, NULL, 'seed_kakao_9020', NULL, NULL, 9120, TRUE, 'FRIEND', NULL, NULL, '2026-03-19 10:00:00', NULL, '2026-03-19 10:00:00', '2026-03-19 10:00:00'),
    (9021, NULL, '구름아빠', NULL, NULL, NULL, NULL, NULL, NULL, NULL, 'seed_kakao_9021', NULL, NULL, 9121, TRUE, 'THREADS', NULL, NULL, NULL, '2026-03-19 10:00:00', '2026-03-19 10:00:00', '2026-03-19 10:00:00'),
    (9022, NULL, '달이보호자', NULL, NULL, NULL, NULL, NULL, NULL, NULL, 'seed_kakao_9022', NULL, NULL, 9122, TRUE, 'INSTAGRAM', NULL, NULL, '2026-03-19 10:00:00', NULL, '2026-03-19 10:00:00', '2026-03-19 10:00:00'),
    (9023, NULL, '몽실집사', NULL, NULL, NULL, NULL, NULL, NULL, NULL, 'seed_kakao_9023', NULL, NULL, 9123, TRUE, 'OFFLINE', NULL, NULL, NULL, NULL, '2026-03-19 10:00:00', '2026-03-19 10:00:00'),
    (9024, NULL, '까미메이트', NULL, NULL, NULL, NULL, NULL, NULL, NULL, 'seed_kakao_9024', NULL, NULL, 9124, TRUE, 'OTHER', '추모관 테스트용', NULL, '2026-03-19 10:00:00', '2026-03-19 10:00:00', '2026-03-19 10:00:00', '2026-03-19 10:00:00'),
    (9025, NULL, '초롱엄마', NULL, NULL, NULL, NULL, NULL, NULL, NULL, 'seed_kakao_9025', NULL, NULL, 9125, TRUE, 'FRIEND', NULL, NULL, NULL, NULL, '2026-03-19 10:00:00', '2026-03-19 10:00:00'),
    (9026, NULL, '진주아빠', NULL, NULL, NULL, NULL, NULL, NULL, NULL, 'seed_kakao_9026', NULL, NULL, 9126, TRUE, 'THREADS', NULL, NULL, '2026-03-19 10:00:00', NULL, '2026-03-19 10:00:00', '2026-03-19 10:00:00'),
    (9027, NULL, '라떼보호자', NULL, NULL, NULL, NULL, NULL, NULL, NULL, 'seed_kakao_9027', NULL, NULL, 9127, TRUE, 'INSTAGRAM', NULL, NULL, NULL, '2026-03-19 10:00:00', '2026-03-19 10:00:00', '2026-03-19 10:00:00'),
    (9028, NULL, '밀키집사', NULL, NULL, NULL, NULL, NULL, NULL, NULL, 'seed_kakao_9028', NULL, NULL, 9128, TRUE, 'OFFLINE', NULL, NULL, '2026-03-19 10:00:00', NULL, '2026-03-19 10:00:00', '2026-03-19 10:00:00'),
    (9029, NULL, '루비메이트', NULL, NULL, NULL, NULL, NULL, NULL, NULL, 'seed_kakao_9029', NULL, NULL, 9129, TRUE, 'OTHER', '추모관 테스트용', NULL, NULL, NULL, '2026-03-19 10:00:00', '2026-03-19 10:00:00'),
    (9030, NULL, '코비엄마', NULL, NULL, NULL, NULL, NULL, NULL, NULL, 'seed_kakao_9030', NULL, NULL, 9130, TRUE, 'FRIEND', NULL, NULL, '2026-03-19 10:00:00', '2026-03-19 10:00:00', '2026-03-19 10:00:00', '2026-03-19 10:00:00'),
    (9031, NULL, '탄이아빠', NULL, NULL, NULL, NULL, NULL, NULL, NULL, 'seed_kakao_9031', NULL, NULL, 9131, TRUE, 'THREADS', NULL, NULL, NULL, NULL, '2026-03-19 10:00:00', '2026-03-19 10:00:00'),
    (9032, NULL, '복실보호자', NULL, NULL, NULL, NULL, NULL, NULL, NULL, 'seed_kakao_9032', NULL, NULL, 9132, TRUE, 'INSTAGRAM', NULL, NULL, '2026-03-19 10:00:00', NULL, '2026-03-19 10:00:00', '2026-03-19 10:00:00'),
    (9033, NULL, '바다집사', NULL, NULL, NULL, NULL, NULL, NULL, NULL, 'seed_kakao_9033', NULL, NULL, 9133, TRUE, 'OFFLINE', NULL, NULL, NULL, '2026-03-19 10:00:00', '2026-03-19 10:00:00', '2026-03-19 10:00:00'),
    (9034, NULL, '하늘메이트', NULL, NULL, NULL, NULL, NULL, NULL, NULL, 'seed_kakao_9034', NULL, NULL, 9134, TRUE, 'OTHER', '추모관 테스트용', NULL, '2026-03-19 10:00:00', NULL, '2026-03-19 10:00:00', '2026-03-19 10:00:00'),
    (9035, NULL, '누리엄마', NULL, NULL, NULL, NULL, NULL, NULL, NULL, 'seed_kakao_9035', NULL, NULL, 9135, TRUE, 'FRIEND', NULL, NULL, NULL, NULL, '2026-03-19 10:00:00', '2026-03-19 10:00:00'),
    (9036, NULL, '체리아빠', NULL, NULL, NULL, NULL, NULL, NULL, NULL, 'seed_kakao_9036', NULL, NULL, 9136, TRUE, 'THREADS', NULL, NULL, '2026-03-19 10:00:00', '2026-03-19 10:00:00', '2026-03-19 10:00:00', '2026-03-19 10:00:00'),
    (9037, NULL, '벨라보호자', NULL, NULL, NULL, NULL, NULL, NULL, NULL, 'seed_kakao_9037', NULL, NULL, 9137, TRUE, 'INSTAGRAM', NULL, NULL, NULL, NULL, '2026-03-19 10:00:00', '2026-03-19 10:00:00'),
    (9038, NULL, '로또집사', NULL, NULL, NULL, NULL, NULL, NULL, NULL, 'seed_kakao_9038', NULL, NULL, 9138, TRUE, 'OFFLINE', NULL, NULL, '2026-03-19 10:00:00', NULL, '2026-03-19 10:00:00', '2026-03-19 10:00:00'),
    (9039, NULL, '봉구메이트', NULL, NULL, NULL, NULL, NULL, NULL, NULL, 'seed_kakao_9039', NULL, NULL, 9139, TRUE, 'OTHER', '추모관 테스트용', NULL, NULL, '2026-03-19 10:00:00', '2026-03-19 10:00:00', '2026-03-19 10:00:00'),
    (9040, NULL, '쪼꼬엄마', NULL, NULL, NULL, NULL, NULL, NULL, NULL, 'seed_kakao_9040', NULL, NULL, 9140, TRUE, 'FRIEND', NULL, NULL, '2026-03-19 10:00:00', NULL, '2026-03-19 10:00:00', '2026-03-19 10:00:00'),
    (9041, NULL, '마루아빠', NULL, NULL, NULL, NULL, NULL, NULL, NULL, 'seed_kakao_9041', NULL, NULL, 9141, TRUE, 'THREADS', NULL, NULL, NULL, NULL, '2026-03-19 10:00:00', '2026-03-19 10:00:00'),
    (9042, NULL, '하루보호자', NULL, NULL, NULL, NULL, NULL, NULL, NULL, 'seed_kakao_9042', NULL, NULL, 9142, TRUE, 'INSTAGRAM', NULL, NULL, '2026-03-19 10:00:00', '2026-03-19 10:00:00', '2026-03-19 10:00:00', '2026-03-19 10:00:00'),
    (9043, NULL, '순이집사', NULL, NULL, NULL, NULL, NULL, NULL, NULL, 'seed_kakao_9043', NULL, NULL, 9143, TRUE, 'OFFLINE', NULL, NULL, NULL, NULL, '2026-03-19 10:00:00', '2026-03-19 10:00:00'),
    (9044, NULL, '호야메이트', NULL, NULL, NULL, NULL, NULL, NULL, NULL, 'seed_kakao_9044', NULL, NULL, 9144, TRUE, 'OTHER', '추모관 테스트용', NULL, '2026-03-19 10:00:00', NULL, '2026-03-19 10:00:00', '2026-03-19 10:00:00'),
    (9045, NULL, '설기엄마', NULL, NULL, NULL, NULL, NULL, NULL, NULL, 'seed_kakao_9045', NULL, NULL, 9145, TRUE, 'FRIEND', NULL, NULL, NULL, '2026-03-19 10:00:00', '2026-03-19 10:00:00', '2026-03-19 10:00:00'),
    (9046, NULL, '토토아빠', NULL, NULL, NULL, NULL, NULL, NULL, NULL, 'seed_kakao_9046', NULL, NULL, 9146, TRUE, 'THREADS', NULL, NULL, '2026-03-19 10:00:00', NULL, '2026-03-19 10:00:00', '2026-03-19 10:00:00'),
    (9047, NULL, '쿠키보호자', NULL, NULL, NULL, NULL, NULL, NULL, NULL, 'seed_kakao_9047', NULL, NULL, 9147, TRUE, 'INSTAGRAM', NULL, NULL, NULL, NULL, '2026-03-19 10:00:00', '2026-03-19 10:00:00'),
    (9048, NULL, '뽀삐집사', NULL, NULL, NULL, NULL, NULL, NULL, NULL, 'seed_kakao_9048', NULL, NULL, 9148, TRUE, 'OFFLINE', NULL, NULL, '2026-03-19 10:00:00', '2026-03-19 10:00:00', '2026-03-19 10:00:00', '2026-03-19 10:00:00'),
    (9049, NULL, '새봄메이트', NULL, NULL, NULL, NULL, NULL, NULL, NULL, 'seed_kakao_9049', NULL, NULL, 9149, TRUE, 'OTHER', '추모관 테스트용', NULL, NULL, NULL, '2026-03-19 10:00:00', '2026-03-19 10:00:00'),
    (9050, NULL, '들꽃엄마', NULL, NULL, NULL, NULL, NULL, NULL, NULL, 'seed_kakao_9050', NULL, NULL, 9150, TRUE, 'FRIEND', NULL, NULL, '2026-03-19 10:00:00', NULL, '2026-03-19 10:00:00', '2026-03-19 10:00:00'),
    (9051, NULL, '여름아빠', NULL, NULL, NULL, NULL, NULL, NULL, NULL, 'seed_kakao_9051', NULL, NULL, 9151, TRUE, 'THREADS', NULL, NULL, NULL, '2026-03-19 10:00:00', '2026-03-19 10:00:00', '2026-03-19 10:00:00'),
    (9052, NULL, '가을보호자', NULL, NULL, NULL, NULL, NULL, NULL, NULL, 'seed_kakao_9052', NULL, NULL, 9152, TRUE, 'INSTAGRAM', NULL, NULL, '2026-03-19 10:00:00', NULL, '2026-03-19 10:00:00', '2026-03-19 10:00:00'),
    (9053, NULL, '겨울집사', NULL, NULL, NULL, NULL, NULL, NULL, NULL, 'seed_kakao_9053', NULL, NULL, 9153, TRUE, 'OFFLINE', NULL, NULL, NULL, NULL, '2026-03-19 10:00:00', '2026-03-19 10:00:00'),
    (9054, NULL, '별밤메이트', NULL, NULL, NULL, NULL, NULL, NULL, NULL, 'seed_kakao_9054', NULL, NULL, 9154, TRUE, 'OTHER', '추모관 테스트용', NULL, '2026-03-19 10:00:00', '2026-03-19 10:00:00', '2026-03-19 10:00:00', '2026-03-19 10:00:00'),
    (9055, NULL, '해달엄마', NULL, NULL, NULL, NULL, NULL, NULL, NULL, 'seed_kakao_9055', NULL, NULL, 9155, TRUE, 'FRIEND', NULL, NULL, NULL, NULL, '2026-03-19 10:00:00', '2026-03-19 10:00:00'),
    (9060, NULL, '추모친구하나', NULL, NULL, NULL, NULL, NULL, NULL, NULL, 'seed_kakao_9060', NULL, NULL, 9103, TRUE, 'FRIEND', NULL, NULL, '2026-03-19 10:00:00', NULL, '2026-03-19 10:00:00', '2026-03-19 10:00:00'),
    (9061, NULL, '추모친구둘', NULL, NULL, NULL, NULL, NULL, NULL, NULL, 'seed_kakao_9061', NULL, NULL, 9104, TRUE, 'INSTAGRAM', NULL, NULL, NULL, NULL, '2026-03-19 10:00:00', '2026-03-19 10:00:00'),
    (9062, NULL, '추모친구셋', NULL, NULL, NULL, NULL, NULL, NULL, NULL, 'seed_kakao_9062', NULL, NULL, 9106, TRUE, 'THREADS', NULL, NULL, '2026-03-19 10:00:00', '2026-03-19 10:00:00', '2026-03-19 10:00:00', '2026-03-19 10:00:00'),
    (9063, NULL, '추모친구넷', NULL, NULL, NULL, NULL, NULL, NULL, NULL, 'seed_kakao_9063', NULL, NULL, 9107, FALSE, 'OFFLINE', NULL, NULL, NULL, NULL, '2026-03-19 10:00:00', '2026-03-19 10:00:00'),
    (9064, NULL, '추모친구다섯', NULL, NULL, NULL, NULL, NULL, NULL, NULL, 'seed_kakao_9064', NULL, NULL, 9109, FALSE, 'OTHER', '댓글 테스트', NULL, NULL, NULL, '2026-03-19 10:00:00', '2026-03-19 10:00:00')
ON DUPLICATE KEY UPDATE
    nickname = VALUES(nickname),
    kakao_id = VALUES(kakao_id),
    naver_id = VALUES(naver_id),
    profile_image_url = VALUES(profile_image_url),
    selected_pet_id = VALUES(selected_pet_id),
    onboarding_complete = VALUES(onboarding_complete),
    referral_type = VALUES(referral_type),
    referral_memo = VALUES(referral_memo),
    deleted_at = VALUES(deleted_at),
    notification_agreed_at = VALUES(notification_agreed_at),
    marketing_agreed_at = VALUES(marketing_agreed_at),
    updated_at = VALUES(updated_at);

INSERT INTO user_pets (
    id,
    user_id,
    pet_id,
    is_owner
) VALUES
    (9201, 9001, 9101, TRUE),
    (9202, 9002, 9102, TRUE),
    (9203, 9003, 9103, TRUE),
    (9204, 9004, 9104, TRUE),
    (9205, 9005, 9105, TRUE),
    (9206, 9006, 9106, TRUE),
    (9207, 9007, 9107, TRUE),
    (9208, 9008, 9108, TRUE),
    (9209, 9009, 9109, TRUE),
    (9210, 9010, 9110, TRUE),
    (9211, 9001, 9102, FALSE),
    (9212, 9001, 9104, FALSE),
    (9213, 9002, 9101, FALSE),
    (9214, 9003, 9104, FALSE),
    (9215, 9003, 9105, FALSE),
    (9216, 9005, 9106, FALSE),
    (9217, 9006, 9108, FALSE),
    (9218, 9008, 9101, FALSE),
    (9219, 9010, 9103, FALSE),
    (9220, 9010, 9107, FALSE),
    (9221, 9004, 9102, FALSE),
    (9222, 9011, 9111, TRUE),
    (9223, 9012, 9112, TRUE),
    (9224, 9013, 9113, TRUE),
    (9225, 9014, 9114, TRUE),
    (9226, 9015, 9115, TRUE),
    (9227, 9016, 9116, TRUE),
    (9228, 9017, 9117, TRUE),
    (9229, 9018, 9118, TRUE),
    (9230, 9019, 9119, TRUE),
    (9231, 9020, 9120, TRUE),
    (9232, 9021, 9121, TRUE),
    (9233, 9022, 9122, TRUE),
    (9234, 9023, 9123, TRUE),
    (9235, 9024, 9124, TRUE),
    (9236, 9025, 9125, TRUE),
    (9237, 9026, 9126, TRUE),
    (9238, 9027, 9127, TRUE),
    (9239, 9028, 9128, TRUE),
    (9240, 9029, 9129, TRUE),
    (9241, 9030, 9130, TRUE),
    (9242, 9031, 9131, TRUE),
    (9243, 9032, 9132, TRUE),
    (9244, 9033, 9133, TRUE),
    (9245, 9034, 9134, TRUE),
    (9246, 9035, 9135, TRUE),
    (9247, 9036, 9136, TRUE),
    (9248, 9037, 9137, TRUE),
    (9249, 9038, 9138, TRUE),
    (9250, 9039, 9139, TRUE),
    (9251, 9040, 9140, TRUE),
    (9252, 9041, 9141, TRUE),
    (9253, 9042, 9142, TRUE),
    (9254, 9043, 9143, TRUE),
    (9255, 9044, 9144, TRUE),
    (9256, 9045, 9145, TRUE),
    (9257, 9046, 9146, TRUE),
    (9258, 9047, 9147, TRUE),
    (9259, 9048, 9148, TRUE),
    (9260, 9049, 9149, TRUE),
    (9261, 9050, 9150, TRUE),
    (9262, 9051, 9151, TRUE),
    (9263, 9052, 9152, TRUE),
    (9264, 9053, 9153, TRUE),
    (9265, 9054, 9154, TRUE),
    (9266, 9055, 9155, TRUE),
    (9267, 9060, 9103, FALSE),
    (9268, 9061, 9103, FALSE),
    (9269, 9062, 9103, FALSE),
    (9270, 9061, 9104, FALSE),
    (9271, 9062, 9104, FALSE),
    (9272, 9063, 9104, FALSE),
    (9273, 9062, 9106, FALSE),
    (9274, 9063, 9106, FALSE),
    (9275, 9064, 9106, FALSE),
    (9276, 9063, 9107, FALSE),
    (9277, 9064, 9107, FALSE),
    (9278, 9060, 9107, FALSE),
    (9279, 9064, 9109, FALSE),
    (9280, 9060, 9109, FALSE),
    (9281, 9061, 9109, FALSE),
    (9282, 9060, 9111, FALSE),
    (9283, 9061, 9111, FALSE),
    (9284, 9062, 9111, FALSE),
    (9285, 9061, 9112, FALSE),
    (9286, 9062, 9112, FALSE),
    (9287, 9063, 9112, FALSE),
    (9288, 9062, 9113, FALSE),
    (9289, 9063, 9113, FALSE),
    (9290, 9064, 9113, FALSE),
    (9291, 9063, 9114, FALSE),
    (9292, 9064, 9114, FALSE),
    (9293, 9060, 9114, FALSE),
    (9294, 9064, 9115, FALSE),
    (9295, 9060, 9115, FALSE),
    (9296, 9061, 9115, FALSE),
    (9297, 9060, 9116, FALSE),
    (9298, 9061, 9116, FALSE),
    (9299, 9062, 9116, FALSE),
    (9300, 9061, 9117, FALSE),
    (9301, 9062, 9117, FALSE),
    (9302, 9063, 9117, FALSE),
    (9303, 9062, 9118, FALSE),
    (9304, 9063, 9118, FALSE),
    (9305, 9064, 9118, FALSE),
    (9306, 9063, 9119, FALSE),
    (9307, 9064, 9119, FALSE),
    (9308, 9060, 9119, FALSE),
    (9309, 9064, 9120, FALSE),
    (9310, 9060, 9120, FALSE),
    (9311, 9061, 9120, FALSE),
    (9312, 9060, 9121, FALSE),
    (9313, 9061, 9121, FALSE),
    (9314, 9062, 9121, FALSE),
    (9315, 9061, 9122, FALSE),
    (9316, 9062, 9122, FALSE),
    (9317, 9063, 9122, FALSE),
    (9318, 9062, 9123, FALSE),
    (9319, 9063, 9123, FALSE),
    (9320, 9064, 9123, FALSE),
    (9321, 9063, 9124, FALSE),
    (9322, 9064, 9124, FALSE),
    (9323, 9060, 9124, FALSE),
    (9324, 9064, 9125, FALSE),
    (9325, 9060, 9125, FALSE),
    (9326, 9061, 9125, FALSE),
    (9327, 9060, 9126, FALSE),
    (9328, 9061, 9126, FALSE),
    (9329, 9062, 9126, FALSE),
    (9330, 9061, 9127, FALSE),
    (9331, 9062, 9127, FALSE),
    (9332, 9063, 9127, FALSE),
    (9333, 9062, 9128, FALSE),
    (9334, 9063, 9128, FALSE),
    (9335, 9064, 9128, FALSE),
    (9336, 9063, 9129, FALSE),
    (9337, 9064, 9129, FALSE),
    (9338, 9060, 9129, FALSE),
    (9339, 9064, 9130, FALSE),
    (9340, 9060, 9130, FALSE),
    (9341, 9061, 9130, FALSE),
    (9342, 9060, 9131, FALSE),
    (9343, 9061, 9131, FALSE),
    (9344, 9062, 9131, FALSE),
    (9345, 9061, 9132, FALSE),
    (9346, 9062, 9132, FALSE),
    (9347, 9063, 9132, FALSE),
    (9348, 9062, 9133, FALSE),
    (9349, 9063, 9133, FALSE),
    (9350, 9064, 9133, FALSE),
    (9351, 9063, 9134, FALSE),
    (9352, 9064, 9134, FALSE),
    (9353, 9060, 9134, FALSE),
    (9354, 9064, 9135, FALSE),
    (9355, 9060, 9135, FALSE),
    (9356, 9061, 9135, FALSE),
    (9357, 9060, 9136, FALSE),
    (9358, 9061, 9136, FALSE),
    (9359, 9062, 9136, FALSE),
    (9360, 9061, 9137, FALSE),
    (9361, 9062, 9137, FALSE),
    (9362, 9063, 9137, FALSE),
    (9363, 9062, 9138, FALSE),
    (9364, 9063, 9138, FALSE),
    (9365, 9064, 9138, FALSE),
    (9366, 9063, 9139, FALSE),
    (9367, 9064, 9139, FALSE),
    (9368, 9060, 9139, FALSE),
    (9369, 9064, 9140, FALSE),
    (9370, 9060, 9140, FALSE),
    (9371, 9061, 9140, FALSE),
    (9372, 9060, 9141, FALSE),
    (9373, 9061, 9141, FALSE),
    (9374, 9062, 9141, FALSE),
    (9375, 9061, 9142, FALSE),
    (9376, 9062, 9142, FALSE),
    (9377, 9063, 9142, FALSE),
    (9378, 9062, 9143, FALSE),
    (9379, 9063, 9143, FALSE),
    (9380, 9064, 9143, FALSE),
    (9381, 9063, 9144, FALSE),
    (9382, 9064, 9144, FALSE),
    (9383, 9060, 9144, FALSE),
    (9384, 9064, 9145, FALSE),
    (9385, 9060, 9145, FALSE),
    (9386, 9061, 9145, FALSE),
    (9387, 9060, 9146, FALSE),
    (9388, 9061, 9146, FALSE),
    (9389, 9062, 9146, FALSE),
    (9390, 9061, 9147, FALSE),
    (9391, 9062, 9147, FALSE),
    (9392, 9063, 9147, FALSE),
    (9393, 9062, 9148, FALSE),
    (9394, 9063, 9148, FALSE),
    (9395, 9064, 9148, FALSE),
    (9396, 9063, 9149, FALSE),
    (9397, 9064, 9149, FALSE),
    (9398, 9060, 9149, FALSE),
    (9399, 9064, 9150, FALSE),
    (9400, 9060, 9150, FALSE),
    (9401, 9061, 9150, FALSE),
    (9402, 9060, 9151, FALSE),
    (9403, 9061, 9151, FALSE),
    (9404, 9062, 9151, FALSE),
    (9405, 9061, 9152, FALSE),
    (9406, 9062, 9152, FALSE),
    (9407, 9063, 9152, FALSE),
    (9408, 9062, 9153, FALSE),
    (9409, 9063, 9153, FALSE),
    (9410, 9064, 9153, FALSE),
    (9411, 9063, 9154, FALSE),
    (9412, 9064, 9154, FALSE),
    (9413, 9060, 9154, FALSE),
    (9414, 9064, 9155, FALSE),
    (9415, 9060, 9155, FALSE),
    (9416, 9061, 9155, FALSE)
ON DUPLICATE KEY UPDATE
    user_id = VALUES(user_id),
    pet_id = VALUES(pet_id),
    is_owner = VALUES(is_owner);

INSERT INTO pet_expired_invite_codes (
    id,
    pet_id,
    invite_code
) VALUES
    (9301, 9102, 'OLDC1002'),
    (9302, 9104, 'EXPD1004'),
    (9303, 9107, 'PAST1007')
ON DUPLICATE KEY UPDATE
    pet_id = VALUES(pet_id),
    invite_code = VALUES(invite_code);

INSERT INTO comments (
    id,
    user_id,
    pet_id,
    content,
    created_at,
    updated_at
) VALUES
    (9401, 9003, 9103, '따뜻한 기억이 오래 남기를 바랄게요.', '2026-03-22 10:00:00', '2026-03-22 10:00:00'),
    (9402, 9060, 9103, '함께한 시간들이 큰 선물이었다는 게 느껴져요.', '2026-03-22 10:01:00', '2026-03-22 10:01:00'),
    (9403, 9061, 9103, '많이 보고 싶지만 이곳에서 오래 기억할게요.', '2026-03-22 10:02:00', '2026-03-22 10:02:00'),
    (9404, 9062, 9103, '평안한 곳에서 편히 쉬고 있기를 바랍니다.', '2026-03-22 10:03:00', '2026-03-22 10:03:00'),
    (9405, 9003, 9103, '가족에게도 천천히 위로가 찾아오길 바라요.', '2026-03-22 10:04:00', '2026-03-22 10:04:00'),
    (9406, 9060, 9103, '사진만 봐도 사랑받던 아이였다는 게 전해져요.', '2026-03-22 10:05:00', '2026-03-22 10:05:00'),
    (9407, 9061, 9103, '이별이 너무 아프겠지만 좋은 추억이 오래 남길 바랍니다.', '2026-03-22 10:06:00', '2026-03-22 10:06:00'),
    (9408, 9062, 9103, '별이 된 뒤에도 계속 사랑받고 있다는 걸 느꼈으면 좋겠어요.', '2026-03-22 10:07:00', '2026-03-22 10:07:00'),
    (9409, 9003, 9103, '추모관에 남은 마음들이 큰 위로가 되길 바랍니다.', '2026-03-22 10:08:00', '2026-03-22 10:08:00'),
    (9410, 9060, 9103, '함께한 매일이 얼마나 소중했는지 댓글만 봐도 느껴집니다.', '2026-03-22 10:09:00', '2026-03-22 10:09:00'),
    (9411, 9004, 9104, '따뜻한 기억이 오래 남기를 바랄게요.', '2026-03-22 10:10:00', '2026-03-22 10:10:00'),
    (9412, 9061, 9104, '함께한 시간들이 큰 선물이었다는 게 느껴져요.', '2026-03-22 10:11:00', '2026-03-22 10:11:00'),
    (9413, 9062, 9104, '많이 보고 싶지만 이곳에서 오래 기억할게요.', '2026-03-22 10:12:00', '2026-03-22 10:12:00'),
    (9414, 9063, 9104, '평안한 곳에서 편히 쉬고 있기를 바랍니다.', '2026-03-22 10:13:00', '2026-03-22 10:13:00'),
    (9415, 9004, 9104, '가족에게도 천천히 위로가 찾아오길 바라요.', '2026-03-22 10:14:00', '2026-03-22 10:14:00'),
    (9416, 9061, 9104, '사진만 봐도 사랑받던 아이였다는 게 전해져요.', '2026-03-22 10:15:00', '2026-03-22 10:15:00'),
    (9417, 9062, 9104, '이별이 너무 아프겠지만 좋은 추억이 오래 남길 바랍니다.', '2026-03-22 10:16:00', '2026-03-22 10:16:00'),
    (9418, 9063, 9104, '별이 된 뒤에도 계속 사랑받고 있다는 걸 느꼈으면 좋겠어요.', '2026-03-22 10:17:00', '2026-03-22 10:17:00'),
    (9419, 9004, 9104, '추모관에 남은 마음들이 큰 위로가 되길 바랍니다.', '2026-03-22 10:18:00', '2026-03-22 10:18:00'),
    (9420, 9061, 9104, '함께한 매일이 얼마나 소중했는지 댓글만 봐도 느껴집니다.', '2026-03-22 10:19:00', '2026-03-22 10:19:00'),
    (9421, 9006, 9106, '따뜻한 기억이 오래 남기를 바랄게요.', '2026-03-22 10:20:00', '2026-03-22 10:20:00'),
    (9422, 9062, 9106, '함께한 시간들이 큰 선물이었다는 게 느껴져요.', '2026-03-22 10:21:00', '2026-03-22 10:21:00'),
    (9423, 9063, 9106, '많이 보고 싶지만 이곳에서 오래 기억할게요.', '2026-03-22 10:22:00', '2026-03-22 10:22:00'),
    (9424, 9064, 9106, '평안한 곳에서 편히 쉬고 있기를 바랍니다.', '2026-03-22 10:23:00', '2026-03-22 10:23:00'),
    (9425, 9006, 9106, '가족에게도 천천히 위로가 찾아오길 바라요.', '2026-03-22 10:24:00', '2026-03-22 10:24:00'),
    (9426, 9062, 9106, '사진만 봐도 사랑받던 아이였다는 게 전해져요.', '2026-03-22 10:25:00', '2026-03-22 10:25:00'),
    (9427, 9063, 9106, '이별이 너무 아프겠지만 좋은 추억이 오래 남길 바랍니다.', '2026-03-22 10:26:00', '2026-03-22 10:26:00'),
    (9428, 9064, 9106, '별이 된 뒤에도 계속 사랑받고 있다는 걸 느꼈으면 좋겠어요.', '2026-03-22 10:27:00', '2026-03-22 10:27:00'),
    (9429, 9006, 9106, '추모관에 남은 마음들이 큰 위로가 되길 바랍니다.', '2026-03-22 10:28:00', '2026-03-22 10:28:00'),
    (9430, 9062, 9106, '함께한 매일이 얼마나 소중했는지 댓글만 봐도 느껴집니다.', '2026-03-22 10:29:00', '2026-03-22 10:29:00'),
    (9431, 9007, 9107, '따뜻한 기억이 오래 남기를 바랄게요.', '2026-03-22 10:30:00', '2026-03-22 10:30:00'),
    (9432, 9063, 9107, '함께한 시간들이 큰 선물이었다는 게 느껴져요.', '2026-03-22 10:31:00', '2026-03-22 10:31:00'),
    (9433, 9064, 9107, '많이 보고 싶지만 이곳에서 오래 기억할게요.', '2026-03-22 10:32:00', '2026-03-22 10:32:00'),
    (9434, 9060, 9107, '평안한 곳에서 편히 쉬고 있기를 바랍니다.', '2026-03-22 10:33:00', '2026-03-22 10:33:00'),
    (9435, 9007, 9107, '가족에게도 천천히 위로가 찾아오길 바라요.', '2026-03-22 10:34:00', '2026-03-22 10:34:00'),
    (9436, 9063, 9107, '사진만 봐도 사랑받던 아이였다는 게 전해져요.', '2026-03-22 10:35:00', '2026-03-22 10:35:00'),
    (9437, 9064, 9107, '이별이 너무 아프겠지만 좋은 추억이 오래 남길 바랍니다.', '2026-03-22 10:36:00', '2026-03-22 10:36:00'),
    (9438, 9060, 9107, '별이 된 뒤에도 계속 사랑받고 있다는 걸 느꼈으면 좋겠어요.', '2026-03-22 10:37:00', '2026-03-22 10:37:00'),
    (9439, 9007, 9107, '추모관에 남은 마음들이 큰 위로가 되길 바랍니다.', '2026-03-22 10:38:00', '2026-03-22 10:38:00'),
    (9440, 9063, 9107, '함께한 매일이 얼마나 소중했는지 댓글만 봐도 느껴집니다.', '2026-03-22 10:39:00', '2026-03-22 10:39:00'),
    (9441, 9009, 9109, '따뜻한 기억이 오래 남기를 바랄게요.', '2026-03-22 10:40:00', '2026-03-22 10:40:00'),
    (9442, 9064, 9109, '함께한 시간들이 큰 선물이었다는 게 느껴져요.', '2026-03-22 10:41:00', '2026-03-22 10:41:00'),
    (9443, 9060, 9109, '많이 보고 싶지만 이곳에서 오래 기억할게요.', '2026-03-22 10:42:00', '2026-03-22 10:42:00'),
    (9444, 9061, 9109, '평안한 곳에서 편히 쉬고 있기를 바랍니다.', '2026-03-22 10:43:00', '2026-03-22 10:43:00'),
    (9445, 9009, 9109, '가족에게도 천천히 위로가 찾아오길 바라요.', '2026-03-22 10:44:00', '2026-03-22 10:44:00'),
    (9446, 9064, 9109, '사진만 봐도 사랑받던 아이였다는 게 전해져요.', '2026-03-22 10:45:00', '2026-03-22 10:45:00'),
    (9447, 9060, 9109, '이별이 너무 아프겠지만 좋은 추억이 오래 남길 바랍니다.', '2026-03-22 10:46:00', '2026-03-22 10:46:00'),
    (9448, 9061, 9109, '별이 된 뒤에도 계속 사랑받고 있다는 걸 느꼈으면 좋겠어요.', '2026-03-22 10:47:00', '2026-03-22 10:47:00'),
    (9449, 9009, 9109, '추모관에 남은 마음들이 큰 위로가 되길 바랍니다.', '2026-03-22 10:48:00', '2026-03-22 10:48:00'),
    (9450, 9064, 9109, '함께한 매일이 얼마나 소중했는지 댓글만 봐도 느껴집니다.', '2026-03-22 10:49:00', '2026-03-22 10:49:00'),
    (9451, 9011, 9111, '따뜻한 기억이 오래 남기를 바랄게요.', '2026-03-22 10:50:00', '2026-03-22 10:50:00'),
    (9452, 9060, 9111, '함께한 시간들이 큰 선물이었다는 게 느껴져요.', '2026-03-22 10:51:00', '2026-03-22 10:51:00'),
    (9453, 9061, 9111, '많이 보고 싶지만 이곳에서 오래 기억할게요.', '2026-03-22 10:52:00', '2026-03-22 10:52:00'),
    (9454, 9062, 9111, '평안한 곳에서 편히 쉬고 있기를 바랍니다.', '2026-03-22 10:53:00', '2026-03-22 10:53:00'),
    (9455, 9011, 9111, '가족에게도 천천히 위로가 찾아오길 바라요.', '2026-03-22 10:54:00', '2026-03-22 10:54:00'),
    (9456, 9060, 9111, '사진만 봐도 사랑받던 아이였다는 게 전해져요.', '2026-03-22 10:55:00', '2026-03-22 10:55:00'),
    (9457, 9061, 9111, '이별이 너무 아프겠지만 좋은 추억이 오래 남길 바랍니다.', '2026-03-22 10:56:00', '2026-03-22 10:56:00'),
    (9458, 9062, 9111, '별이 된 뒤에도 계속 사랑받고 있다는 걸 느꼈으면 좋겠어요.', '2026-03-22 10:57:00', '2026-03-22 10:57:00'),
    (9459, 9011, 9111, '추모관에 남은 마음들이 큰 위로가 되길 바랍니다.', '2026-03-22 10:58:00', '2026-03-22 10:58:00'),
    (9460, 9060, 9111, '함께한 매일이 얼마나 소중했는지 댓글만 봐도 느껴집니다.', '2026-03-22 10:59:00', '2026-03-22 10:59:00'),
    (9461, 9012, 9112, '따뜻한 기억이 오래 남기를 바랄게요.', '2026-03-22 11:00:00', '2026-03-22 11:00:00'),
    (9462, 9061, 9112, '함께한 시간들이 큰 선물이었다는 게 느껴져요.', '2026-03-22 11:01:00', '2026-03-22 11:01:00'),
    (9463, 9062, 9112, '많이 보고 싶지만 이곳에서 오래 기억할게요.', '2026-03-22 11:02:00', '2026-03-22 11:02:00'),
    (9464, 9063, 9112, '평안한 곳에서 편히 쉬고 있기를 바랍니다.', '2026-03-22 11:03:00', '2026-03-22 11:03:00'),
    (9465, 9012, 9112, '가족에게도 천천히 위로가 찾아오길 바라요.', '2026-03-22 11:04:00', '2026-03-22 11:04:00'),
    (9466, 9061, 9112, '사진만 봐도 사랑받던 아이였다는 게 전해져요.', '2026-03-22 11:05:00', '2026-03-22 11:05:00'),
    (9467, 9062, 9112, '이별이 너무 아프겠지만 좋은 추억이 오래 남길 바랍니다.', '2026-03-22 11:06:00', '2026-03-22 11:06:00'),
    (9468, 9063, 9112, '별이 된 뒤에도 계속 사랑받고 있다는 걸 느꼈으면 좋겠어요.', '2026-03-22 11:07:00', '2026-03-22 11:07:00'),
    (9469, 9012, 9112, '추모관에 남은 마음들이 큰 위로가 되길 바랍니다.', '2026-03-22 11:08:00', '2026-03-22 11:08:00'),
    (9470, 9061, 9112, '함께한 매일이 얼마나 소중했는지 댓글만 봐도 느껴집니다.', '2026-03-22 11:09:00', '2026-03-22 11:09:00'),
    (9471, 9013, 9113, '따뜻한 기억이 오래 남기를 바랄게요.', '2026-03-22 11:10:00', '2026-03-22 11:10:00'),
    (9472, 9062, 9113, '함께한 시간들이 큰 선물이었다는 게 느껴져요.', '2026-03-22 11:11:00', '2026-03-22 11:11:00'),
    (9473, 9063, 9113, '많이 보고 싶지만 이곳에서 오래 기억할게요.', '2026-03-22 11:12:00', '2026-03-22 11:12:00'),
    (9474, 9064, 9113, '평안한 곳에서 편히 쉬고 있기를 바랍니다.', '2026-03-22 11:13:00', '2026-03-22 11:13:00'),
    (9475, 9013, 9113, '가족에게도 천천히 위로가 찾아오길 바라요.', '2026-03-22 11:14:00', '2026-03-22 11:14:00'),
    (9476, 9062, 9113, '사진만 봐도 사랑받던 아이였다는 게 전해져요.', '2026-03-22 11:15:00', '2026-03-22 11:15:00'),
    (9477, 9063, 9113, '이별이 너무 아프겠지만 좋은 추억이 오래 남길 바랍니다.', '2026-03-22 11:16:00', '2026-03-22 11:16:00'),
    (9478, 9064, 9113, '별이 된 뒤에도 계속 사랑받고 있다는 걸 느꼈으면 좋겠어요.', '2026-03-22 11:17:00', '2026-03-22 11:17:00'),
    (9479, 9013, 9113, '추모관에 남은 마음들이 큰 위로가 되길 바랍니다.', '2026-03-22 11:18:00', '2026-03-22 11:18:00'),
    (9480, 9062, 9113, '함께한 매일이 얼마나 소중했는지 댓글만 봐도 느껴집니다.', '2026-03-22 11:19:00', '2026-03-22 11:19:00'),
    (9481, 9014, 9114, '따뜻한 기억이 오래 남기를 바랄게요.', '2026-03-22 11:20:00', '2026-03-22 11:20:00'),
    (9482, 9063, 9114, '함께한 시간들이 큰 선물이었다는 게 느껴져요.', '2026-03-22 11:21:00', '2026-03-22 11:21:00'),
    (9483, 9064, 9114, '많이 보고 싶지만 이곳에서 오래 기억할게요.', '2026-03-22 11:22:00', '2026-03-22 11:22:00'),
    (9484, 9060, 9114, '평안한 곳에서 편히 쉬고 있기를 바랍니다.', '2026-03-22 11:23:00', '2026-03-22 11:23:00'),
    (9485, 9014, 9114, '가족에게도 천천히 위로가 찾아오길 바라요.', '2026-03-22 11:24:00', '2026-03-22 11:24:00'),
    (9486, 9063, 9114, '사진만 봐도 사랑받던 아이였다는 게 전해져요.', '2026-03-22 11:25:00', '2026-03-22 11:25:00'),
    (9487, 9064, 9114, '이별이 너무 아프겠지만 좋은 추억이 오래 남길 바랍니다.', '2026-03-22 11:26:00', '2026-03-22 11:26:00'),
    (9488, 9060, 9114, '별이 된 뒤에도 계속 사랑받고 있다는 걸 느꼈으면 좋겠어요.', '2026-03-22 11:27:00', '2026-03-22 11:27:00'),
    (9489, 9014, 9114, '추모관에 남은 마음들이 큰 위로가 되길 바랍니다.', '2026-03-22 11:28:00', '2026-03-22 11:28:00'),
    (9490, 9063, 9114, '함께한 매일이 얼마나 소중했는지 댓글만 봐도 느껴집니다.', '2026-03-22 11:29:00', '2026-03-22 11:29:00'),
    (9491, 9015, 9115, '따뜻한 기억이 오래 남기를 바랄게요.', '2026-03-22 11:30:00', '2026-03-22 11:30:00'),
    (9492, 9064, 9115, '함께한 시간들이 큰 선물이었다는 게 느껴져요.', '2026-03-22 11:31:00', '2026-03-22 11:31:00'),
    (9493, 9060, 9115, '많이 보고 싶지만 이곳에서 오래 기억할게요.', '2026-03-22 11:32:00', '2026-03-22 11:32:00'),
    (9494, 9061, 9115, '평안한 곳에서 편히 쉬고 있기를 바랍니다.', '2026-03-22 11:33:00', '2026-03-22 11:33:00'),
    (9495, 9015, 9115, '가족에게도 천천히 위로가 찾아오길 바라요.', '2026-03-22 11:34:00', '2026-03-22 11:34:00'),
    (9496, 9064, 9115, '사진만 봐도 사랑받던 아이였다는 게 전해져요.', '2026-03-22 11:35:00', '2026-03-22 11:35:00'),
    (9497, 9060, 9115, '이별이 너무 아프겠지만 좋은 추억이 오래 남길 바랍니다.', '2026-03-22 11:36:00', '2026-03-22 11:36:00'),
    (9498, 9061, 9115, '별이 된 뒤에도 계속 사랑받고 있다는 걸 느꼈으면 좋겠어요.', '2026-03-22 11:37:00', '2026-03-22 11:37:00'),
    (9499, 9015, 9115, '추모관에 남은 마음들이 큰 위로가 되길 바랍니다.', '2026-03-22 11:38:00', '2026-03-22 11:38:00'),
    (9500, 9064, 9115, '함께한 매일이 얼마나 소중했는지 댓글만 봐도 느껴집니다.', '2026-03-22 11:39:00', '2026-03-22 11:39:00'),
    (9501, 9016, 9116, '따뜻한 기억이 오래 남기를 바랄게요.', '2026-03-22 11:40:00', '2026-03-22 11:40:00'),
    (9502, 9060, 9116, '함께한 시간들이 큰 선물이었다는 게 느껴져요.', '2026-03-22 11:41:00', '2026-03-22 11:41:00'),
    (9503, 9061, 9116, '많이 보고 싶지만 이곳에서 오래 기억할게요.', '2026-03-22 11:42:00', '2026-03-22 11:42:00'),
    (9504, 9062, 9116, '평안한 곳에서 편히 쉬고 있기를 바랍니다.', '2026-03-22 11:43:00', '2026-03-22 11:43:00'),
    (9505, 9016, 9116, '가족에게도 천천히 위로가 찾아오길 바라요.', '2026-03-22 11:44:00', '2026-03-22 11:44:00'),
    (9506, 9060, 9116, '사진만 봐도 사랑받던 아이였다는 게 전해져요.', '2026-03-22 11:45:00', '2026-03-22 11:45:00'),
    (9507, 9061, 9116, '이별이 너무 아프겠지만 좋은 추억이 오래 남길 바랍니다.', '2026-03-22 11:46:00', '2026-03-22 11:46:00'),
    (9508, 9062, 9116, '별이 된 뒤에도 계속 사랑받고 있다는 걸 느꼈으면 좋겠어요.', '2026-03-22 11:47:00', '2026-03-22 11:47:00'),
    (9509, 9016, 9116, '추모관에 남은 마음들이 큰 위로가 되길 바랍니다.', '2026-03-22 11:48:00', '2026-03-22 11:48:00'),
    (9510, 9060, 9116, '함께한 매일이 얼마나 소중했는지 댓글만 봐도 느껴집니다.', '2026-03-22 11:49:00', '2026-03-22 11:49:00'),
    (9511, 9017, 9117, '따뜻한 기억이 오래 남기를 바랄게요.', '2026-03-22 11:50:00', '2026-03-22 11:50:00'),
    (9512, 9061, 9117, '함께한 시간들이 큰 선물이었다는 게 느껴져요.', '2026-03-22 11:51:00', '2026-03-22 11:51:00'),
    (9513, 9062, 9117, '많이 보고 싶지만 이곳에서 오래 기억할게요.', '2026-03-22 11:52:00', '2026-03-22 11:52:00'),
    (9514, 9063, 9117, '평안한 곳에서 편히 쉬고 있기를 바랍니다.', '2026-03-22 11:53:00', '2026-03-22 11:53:00'),
    (9515, 9017, 9117, '가족에게도 천천히 위로가 찾아오길 바라요.', '2026-03-22 11:54:00', '2026-03-22 11:54:00'),
    (9516, 9061, 9117, '사진만 봐도 사랑받던 아이였다는 게 전해져요.', '2026-03-22 11:55:00', '2026-03-22 11:55:00'),
    (9517, 9062, 9117, '이별이 너무 아프겠지만 좋은 추억이 오래 남길 바랍니다.', '2026-03-22 11:56:00', '2026-03-22 11:56:00'),
    (9518, 9063, 9117, '별이 된 뒤에도 계속 사랑받고 있다는 걸 느꼈으면 좋겠어요.', '2026-03-22 11:57:00', '2026-03-22 11:57:00'),
    (9519, 9017, 9117, '추모관에 남은 마음들이 큰 위로가 되길 바랍니다.', '2026-03-22 11:58:00', '2026-03-22 11:58:00'),
    (9520, 9061, 9117, '함께한 매일이 얼마나 소중했는지 댓글만 봐도 느껴집니다.', '2026-03-22 11:59:00', '2026-03-22 11:59:00'),
    (9521, 9018, 9118, '따뜻한 기억이 오래 남기를 바랄게요.', '2026-03-22 12:00:00', '2026-03-22 12:00:00'),
    (9522, 9062, 9118, '함께한 시간들이 큰 선물이었다는 게 느껴져요.', '2026-03-22 12:01:00', '2026-03-22 12:01:00'),
    (9523, 9063, 9118, '많이 보고 싶지만 이곳에서 오래 기억할게요.', '2026-03-22 12:02:00', '2026-03-22 12:02:00'),
    (9524, 9064, 9118, '평안한 곳에서 편히 쉬고 있기를 바랍니다.', '2026-03-22 12:03:00', '2026-03-22 12:03:00'),
    (9525, 9018, 9118, '가족에게도 천천히 위로가 찾아오길 바라요.', '2026-03-22 12:04:00', '2026-03-22 12:04:00'),
    (9526, 9062, 9118, '사진만 봐도 사랑받던 아이였다는 게 전해져요.', '2026-03-22 12:05:00', '2026-03-22 12:05:00'),
    (9527, 9063, 9118, '이별이 너무 아프겠지만 좋은 추억이 오래 남길 바랍니다.', '2026-03-22 12:06:00', '2026-03-22 12:06:00'),
    (9528, 9064, 9118, '별이 된 뒤에도 계속 사랑받고 있다는 걸 느꼈으면 좋겠어요.', '2026-03-22 12:07:00', '2026-03-22 12:07:00'),
    (9529, 9018, 9118, '추모관에 남은 마음들이 큰 위로가 되길 바랍니다.', '2026-03-22 12:08:00', '2026-03-22 12:08:00'),
    (9530, 9062, 9118, '함께한 매일이 얼마나 소중했는지 댓글만 봐도 느껴집니다.', '2026-03-22 12:09:00', '2026-03-22 12:09:00'),
    (9531, 9019, 9119, '따뜻한 기억이 오래 남기를 바랄게요.', '2026-03-22 12:10:00', '2026-03-22 12:10:00'),
    (9532, 9063, 9119, '함께한 시간들이 큰 선물이었다는 게 느껴져요.', '2026-03-22 12:11:00', '2026-03-22 12:11:00'),
    (9533, 9064, 9119, '많이 보고 싶지만 이곳에서 오래 기억할게요.', '2026-03-22 12:12:00', '2026-03-22 12:12:00'),
    (9534, 9060, 9119, '평안한 곳에서 편히 쉬고 있기를 바랍니다.', '2026-03-22 12:13:00', '2026-03-22 12:13:00'),
    (9535, 9019, 9119, '가족에게도 천천히 위로가 찾아오길 바라요.', '2026-03-22 12:14:00', '2026-03-22 12:14:00'),
    (9536, 9063, 9119, '사진만 봐도 사랑받던 아이였다는 게 전해져요.', '2026-03-22 12:15:00', '2026-03-22 12:15:00'),
    (9537, 9064, 9119, '이별이 너무 아프겠지만 좋은 추억이 오래 남길 바랍니다.', '2026-03-22 12:16:00', '2026-03-22 12:16:00'),
    (9538, 9060, 9119, '별이 된 뒤에도 계속 사랑받고 있다는 걸 느꼈으면 좋겠어요.', '2026-03-22 12:17:00', '2026-03-22 12:17:00'),
    (9539, 9019, 9119, '추모관에 남은 마음들이 큰 위로가 되길 바랍니다.', '2026-03-22 12:18:00', '2026-03-22 12:18:00'),
    (9540, 9063, 9119, '함께한 매일이 얼마나 소중했는지 댓글만 봐도 느껴집니다.', '2026-03-22 12:19:00', '2026-03-22 12:19:00'),
    (9541, 9020, 9120, '따뜻한 기억이 오래 남기를 바랄게요.', '2026-03-22 12:20:00', '2026-03-22 12:20:00'),
    (9542, 9064, 9120, '함께한 시간들이 큰 선물이었다는 게 느껴져요.', '2026-03-22 12:21:00', '2026-03-22 12:21:00'),
    (9543, 9060, 9120, '많이 보고 싶지만 이곳에서 오래 기억할게요.', '2026-03-22 12:22:00', '2026-03-22 12:22:00'),
    (9544, 9061, 9120, '평안한 곳에서 편히 쉬고 있기를 바랍니다.', '2026-03-22 12:23:00', '2026-03-22 12:23:00'),
    (9545, 9020, 9120, '가족에게도 천천히 위로가 찾아오길 바라요.', '2026-03-22 12:24:00', '2026-03-22 12:24:00'),
    (9546, 9064, 9120, '사진만 봐도 사랑받던 아이였다는 게 전해져요.', '2026-03-22 12:25:00', '2026-03-22 12:25:00'),
    (9547, 9060, 9120, '이별이 너무 아프겠지만 좋은 추억이 오래 남길 바랍니다.', '2026-03-22 12:26:00', '2026-03-22 12:26:00'),
    (9548, 9061, 9120, '별이 된 뒤에도 계속 사랑받고 있다는 걸 느꼈으면 좋겠어요.', '2026-03-22 12:27:00', '2026-03-22 12:27:00'),
    (9549, 9020, 9120, '추모관에 남은 마음들이 큰 위로가 되길 바랍니다.', '2026-03-22 12:28:00', '2026-03-22 12:28:00'),
    (9550, 9064, 9120, '함께한 매일이 얼마나 소중했는지 댓글만 봐도 느껴집니다.', '2026-03-22 12:29:00', '2026-03-22 12:29:00'),
    (9551, 9021, 9121, '따뜻한 기억이 오래 남기를 바랄게요.', '2026-03-22 12:30:00', '2026-03-22 12:30:00'),
    (9552, 9060, 9121, '함께한 시간들이 큰 선물이었다는 게 느껴져요.', '2026-03-22 12:31:00', '2026-03-22 12:31:00'),
    (9553, 9061, 9121, '많이 보고 싶지만 이곳에서 오래 기억할게요.', '2026-03-22 12:32:00', '2026-03-22 12:32:00'),
    (9554, 9062, 9121, '평안한 곳에서 편히 쉬고 있기를 바랍니다.', '2026-03-22 12:33:00', '2026-03-22 12:33:00'),
    (9555, 9021, 9121, '가족에게도 천천히 위로가 찾아오길 바라요.', '2026-03-22 12:34:00', '2026-03-22 12:34:00'),
    (9556, 9060, 9121, '사진만 봐도 사랑받던 아이였다는 게 전해져요.', '2026-03-22 12:35:00', '2026-03-22 12:35:00'),
    (9557, 9061, 9121, '이별이 너무 아프겠지만 좋은 추억이 오래 남길 바랍니다.', '2026-03-22 12:36:00', '2026-03-22 12:36:00'),
    (9558, 9062, 9121, '별이 된 뒤에도 계속 사랑받고 있다는 걸 느꼈으면 좋겠어요.', '2026-03-22 12:37:00', '2026-03-22 12:37:00'),
    (9559, 9021, 9121, '추모관에 남은 마음들이 큰 위로가 되길 바랍니다.', '2026-03-22 12:38:00', '2026-03-22 12:38:00'),
    (9560, 9060, 9121, '함께한 매일이 얼마나 소중했는지 댓글만 봐도 느껴집니다.', '2026-03-22 12:39:00', '2026-03-22 12:39:00'),
    (9561, 9022, 9122, '따뜻한 기억이 오래 남기를 바랄게요.', '2026-03-22 12:40:00', '2026-03-22 12:40:00'),
    (9562, 9061, 9122, '함께한 시간들이 큰 선물이었다는 게 느껴져요.', '2026-03-22 12:41:00', '2026-03-22 12:41:00'),
    (9563, 9062, 9122, '많이 보고 싶지만 이곳에서 오래 기억할게요.', '2026-03-22 12:42:00', '2026-03-22 12:42:00'),
    (9564, 9063, 9122, '평안한 곳에서 편히 쉬고 있기를 바랍니다.', '2026-03-22 12:43:00', '2026-03-22 12:43:00'),
    (9565, 9022, 9122, '가족에게도 천천히 위로가 찾아오길 바라요.', '2026-03-22 12:44:00', '2026-03-22 12:44:00'),
    (9566, 9061, 9122, '사진만 봐도 사랑받던 아이였다는 게 전해져요.', '2026-03-22 12:45:00', '2026-03-22 12:45:00'),
    (9567, 9062, 9122, '이별이 너무 아프겠지만 좋은 추억이 오래 남길 바랍니다.', '2026-03-22 12:46:00', '2026-03-22 12:46:00'),
    (9568, 9063, 9122, '별이 된 뒤에도 계속 사랑받고 있다는 걸 느꼈으면 좋겠어요.', '2026-03-22 12:47:00', '2026-03-22 12:47:00'),
    (9569, 9022, 9122, '추모관에 남은 마음들이 큰 위로가 되길 바랍니다.', '2026-03-22 12:48:00', '2026-03-22 12:48:00'),
    (9570, 9061, 9122, '함께한 매일이 얼마나 소중했는지 댓글만 봐도 느껴집니다.', '2026-03-22 12:49:00', '2026-03-22 12:49:00'),
    (9571, 9023, 9123, '따뜻한 기억이 오래 남기를 바랄게요.', '2026-03-22 12:50:00', '2026-03-22 12:50:00'),
    (9572, 9062, 9123, '함께한 시간들이 큰 선물이었다는 게 느껴져요.', '2026-03-22 12:51:00', '2026-03-22 12:51:00'),
    (9573, 9063, 9123, '많이 보고 싶지만 이곳에서 오래 기억할게요.', '2026-03-22 12:52:00', '2026-03-22 12:52:00'),
    (9574, 9064, 9123, '평안한 곳에서 편히 쉬고 있기를 바랍니다.', '2026-03-22 12:53:00', '2026-03-22 12:53:00'),
    (9575, 9023, 9123, '가족에게도 천천히 위로가 찾아오길 바라요.', '2026-03-22 12:54:00', '2026-03-22 12:54:00'),
    (9576, 9062, 9123, '사진만 봐도 사랑받던 아이였다는 게 전해져요.', '2026-03-22 12:55:00', '2026-03-22 12:55:00'),
    (9577, 9063, 9123, '이별이 너무 아프겠지만 좋은 추억이 오래 남길 바랍니다.', '2026-03-22 12:56:00', '2026-03-22 12:56:00'),
    (9578, 9064, 9123, '별이 된 뒤에도 계속 사랑받고 있다는 걸 느꼈으면 좋겠어요.', '2026-03-22 12:57:00', '2026-03-22 12:57:00'),
    (9579, 9023, 9123, '추모관에 남은 마음들이 큰 위로가 되길 바랍니다.', '2026-03-22 12:58:00', '2026-03-22 12:58:00'),
    (9580, 9062, 9123, '함께한 매일이 얼마나 소중했는지 댓글만 봐도 느껴집니다.', '2026-03-22 12:59:00', '2026-03-22 12:59:00'),
    (9581, 9024, 9124, '따뜻한 기억이 오래 남기를 바랄게요.', '2026-03-22 13:00:00', '2026-03-22 13:00:00'),
    (9582, 9063, 9124, '함께한 시간들이 큰 선물이었다는 게 느껴져요.', '2026-03-22 13:01:00', '2026-03-22 13:01:00'),
    (9583, 9064, 9124, '많이 보고 싶지만 이곳에서 오래 기억할게요.', '2026-03-22 13:02:00', '2026-03-22 13:02:00'),
    (9584, 9060, 9124, '평안한 곳에서 편히 쉬고 있기를 바랍니다.', '2026-03-22 13:03:00', '2026-03-22 13:03:00'),
    (9585, 9024, 9124, '가족에게도 천천히 위로가 찾아오길 바라요.', '2026-03-22 13:04:00', '2026-03-22 13:04:00'),
    (9586, 9063, 9124, '사진만 봐도 사랑받던 아이였다는 게 전해져요.', '2026-03-22 13:05:00', '2026-03-22 13:05:00'),
    (9587, 9064, 9124, '이별이 너무 아프겠지만 좋은 추억이 오래 남길 바랍니다.', '2026-03-22 13:06:00', '2026-03-22 13:06:00'),
    (9588, 9060, 9124, '별이 된 뒤에도 계속 사랑받고 있다는 걸 느꼈으면 좋겠어요.', '2026-03-22 13:07:00', '2026-03-22 13:07:00'),
    (9589, 9024, 9124, '추모관에 남은 마음들이 큰 위로가 되길 바랍니다.', '2026-03-22 13:08:00', '2026-03-22 13:08:00'),
    (9590, 9063, 9124, '함께한 매일이 얼마나 소중했는지 댓글만 봐도 느껴집니다.', '2026-03-22 13:09:00', '2026-03-22 13:09:00'),
    (9591, 9025, 9125, '따뜻한 기억이 오래 남기를 바랄게요.', '2026-03-22 13:10:00', '2026-03-22 13:10:00'),
    (9592, 9064, 9125, '함께한 시간들이 큰 선물이었다는 게 느껴져요.', '2026-03-22 13:11:00', '2026-03-22 13:11:00'),
    (9593, 9060, 9125, '많이 보고 싶지만 이곳에서 오래 기억할게요.', '2026-03-22 13:12:00', '2026-03-22 13:12:00'),
    (9594, 9061, 9125, '평안한 곳에서 편히 쉬고 있기를 바랍니다.', '2026-03-22 13:13:00', '2026-03-22 13:13:00'),
    (9595, 9025, 9125, '가족에게도 천천히 위로가 찾아오길 바라요.', '2026-03-22 13:14:00', '2026-03-22 13:14:00'),
    (9596, 9064, 9125, '사진만 봐도 사랑받던 아이였다는 게 전해져요.', '2026-03-22 13:15:00', '2026-03-22 13:15:00'),
    (9597, 9060, 9125, '이별이 너무 아프겠지만 좋은 추억이 오래 남길 바랍니다.', '2026-03-22 13:16:00', '2026-03-22 13:16:00'),
    (9598, 9061, 9125, '별이 된 뒤에도 계속 사랑받고 있다는 걸 느꼈으면 좋겠어요.', '2026-03-22 13:17:00', '2026-03-22 13:17:00'),
    (9599, 9025, 9125, '추모관에 남은 마음들이 큰 위로가 되길 바랍니다.', '2026-03-22 13:18:00', '2026-03-22 13:18:00'),
    (9600, 9064, 9125, '함께한 매일이 얼마나 소중했는지 댓글만 봐도 느껴집니다.', '2026-03-22 13:19:00', '2026-03-22 13:19:00'),
    (9601, 9026, 9126, '따뜻한 기억이 오래 남기를 바랄게요.', '2026-03-22 13:20:00', '2026-03-22 13:20:00'),
    (9602, 9060, 9126, '함께한 시간들이 큰 선물이었다는 게 느껴져요.', '2026-03-22 13:21:00', '2026-03-22 13:21:00'),
    (9603, 9061, 9126, '많이 보고 싶지만 이곳에서 오래 기억할게요.', '2026-03-22 13:22:00', '2026-03-22 13:22:00'),
    (9604, 9062, 9126, '평안한 곳에서 편히 쉬고 있기를 바랍니다.', '2026-03-22 13:23:00', '2026-03-22 13:23:00'),
    (9605, 9026, 9126, '가족에게도 천천히 위로가 찾아오길 바라요.', '2026-03-22 13:24:00', '2026-03-22 13:24:00'),
    (9606, 9060, 9126, '사진만 봐도 사랑받던 아이였다는 게 전해져요.', '2026-03-22 13:25:00', '2026-03-22 13:25:00'),
    (9607, 9061, 9126, '이별이 너무 아프겠지만 좋은 추억이 오래 남길 바랍니다.', '2026-03-22 13:26:00', '2026-03-22 13:26:00'),
    (9608, 9062, 9126, '별이 된 뒤에도 계속 사랑받고 있다는 걸 느꼈으면 좋겠어요.', '2026-03-22 13:27:00', '2026-03-22 13:27:00'),
    (9609, 9026, 9126, '추모관에 남은 마음들이 큰 위로가 되길 바랍니다.', '2026-03-22 13:28:00', '2026-03-22 13:28:00'),
    (9610, 9060, 9126, '함께한 매일이 얼마나 소중했는지 댓글만 봐도 느껴집니다.', '2026-03-22 13:29:00', '2026-03-22 13:29:00'),
    (9611, 9027, 9127, '따뜻한 기억이 오래 남기를 바랄게요.', '2026-03-22 13:30:00', '2026-03-22 13:30:00'),
    (9612, 9061, 9127, '함께한 시간들이 큰 선물이었다는 게 느껴져요.', '2026-03-22 13:31:00', '2026-03-22 13:31:00'),
    (9613, 9062, 9127, '많이 보고 싶지만 이곳에서 오래 기억할게요.', '2026-03-22 13:32:00', '2026-03-22 13:32:00'),
    (9614, 9063, 9127, '평안한 곳에서 편히 쉬고 있기를 바랍니다.', '2026-03-22 13:33:00', '2026-03-22 13:33:00'),
    (9615, 9027, 9127, '가족에게도 천천히 위로가 찾아오길 바라요.', '2026-03-22 13:34:00', '2026-03-22 13:34:00'),
    (9616, 9061, 9127, '사진만 봐도 사랑받던 아이였다는 게 전해져요.', '2026-03-22 13:35:00', '2026-03-22 13:35:00'),
    (9617, 9062, 9127, '이별이 너무 아프겠지만 좋은 추억이 오래 남길 바랍니다.', '2026-03-22 13:36:00', '2026-03-22 13:36:00'),
    (9618, 9063, 9127, '별이 된 뒤에도 계속 사랑받고 있다는 걸 느꼈으면 좋겠어요.', '2026-03-22 13:37:00', '2026-03-22 13:37:00'),
    (9619, 9027, 9127, '추모관에 남은 마음들이 큰 위로가 되길 바랍니다.', '2026-03-22 13:38:00', '2026-03-22 13:38:00'),
    (9620, 9061, 9127, '함께한 매일이 얼마나 소중했는지 댓글만 봐도 느껴집니다.', '2026-03-22 13:39:00', '2026-03-22 13:39:00'),
    (9621, 9028, 9128, '따뜻한 기억이 오래 남기를 바랄게요.', '2026-03-22 13:40:00', '2026-03-22 13:40:00'),
    (9622, 9062, 9128, '함께한 시간들이 큰 선물이었다는 게 느껴져요.', '2026-03-22 13:41:00', '2026-03-22 13:41:00'),
    (9623, 9063, 9128, '많이 보고 싶지만 이곳에서 오래 기억할게요.', '2026-03-22 13:42:00', '2026-03-22 13:42:00'),
    (9624, 9064, 9128, '평안한 곳에서 편히 쉬고 있기를 바랍니다.', '2026-03-22 13:43:00', '2026-03-22 13:43:00'),
    (9625, 9028, 9128, '가족에게도 천천히 위로가 찾아오길 바라요.', '2026-03-22 13:44:00', '2026-03-22 13:44:00'),
    (9626, 9062, 9128, '사진만 봐도 사랑받던 아이였다는 게 전해져요.', '2026-03-22 13:45:00', '2026-03-22 13:45:00'),
    (9627, 9063, 9128, '이별이 너무 아프겠지만 좋은 추억이 오래 남길 바랍니다.', '2026-03-22 13:46:00', '2026-03-22 13:46:00'),
    (9628, 9064, 9128, '별이 된 뒤에도 계속 사랑받고 있다는 걸 느꼈으면 좋겠어요.', '2026-03-22 13:47:00', '2026-03-22 13:47:00'),
    (9629, 9028, 9128, '추모관에 남은 마음들이 큰 위로가 되길 바랍니다.', '2026-03-22 13:48:00', '2026-03-22 13:48:00'),
    (9630, 9062, 9128, '함께한 매일이 얼마나 소중했는지 댓글만 봐도 느껴집니다.', '2026-03-22 13:49:00', '2026-03-22 13:49:00'),
    (9631, 9029, 9129, '따뜻한 기억이 오래 남기를 바랄게요.', '2026-03-22 13:50:00', '2026-03-22 13:50:00'),
    (9632, 9063, 9129, '함께한 시간들이 큰 선물이었다는 게 느껴져요.', '2026-03-22 13:51:00', '2026-03-22 13:51:00'),
    (9633, 9064, 9129, '많이 보고 싶지만 이곳에서 오래 기억할게요.', '2026-03-22 13:52:00', '2026-03-22 13:52:00'),
    (9634, 9060, 9129, '평안한 곳에서 편히 쉬고 있기를 바랍니다.', '2026-03-22 13:53:00', '2026-03-22 13:53:00'),
    (9635, 9029, 9129, '가족에게도 천천히 위로가 찾아오길 바라요.', '2026-03-22 13:54:00', '2026-03-22 13:54:00'),
    (9636, 9063, 9129, '사진만 봐도 사랑받던 아이였다는 게 전해져요.', '2026-03-22 13:55:00', '2026-03-22 13:55:00'),
    (9637, 9064, 9129, '이별이 너무 아프겠지만 좋은 추억이 오래 남길 바랍니다.', '2026-03-22 13:56:00', '2026-03-22 13:56:00'),
    (9638, 9060, 9129, '별이 된 뒤에도 계속 사랑받고 있다는 걸 느꼈으면 좋겠어요.', '2026-03-22 13:57:00', '2026-03-22 13:57:00'),
    (9639, 9029, 9129, '추모관에 남은 마음들이 큰 위로가 되길 바랍니다.', '2026-03-22 13:58:00', '2026-03-22 13:58:00'),
    (9640, 9063, 9129, '함께한 매일이 얼마나 소중했는지 댓글만 봐도 느껴집니다.', '2026-03-22 13:59:00', '2026-03-22 13:59:00'),
    (9641, 9030, 9130, '따뜻한 기억이 오래 남기를 바랄게요.', '2026-03-22 14:00:00', '2026-03-22 14:00:00'),
    (9642, 9064, 9130, '함께한 시간들이 큰 선물이었다는 게 느껴져요.', '2026-03-22 14:01:00', '2026-03-22 14:01:00'),
    (9643, 9060, 9130, '많이 보고 싶지만 이곳에서 오래 기억할게요.', '2026-03-22 14:02:00', '2026-03-22 14:02:00'),
    (9644, 9061, 9130, '평안한 곳에서 편히 쉬고 있기를 바랍니다.', '2026-03-22 14:03:00', '2026-03-22 14:03:00'),
    (9645, 9030, 9130, '가족에게도 천천히 위로가 찾아오길 바라요.', '2026-03-22 14:04:00', '2026-03-22 14:04:00'),
    (9646, 9064, 9130, '사진만 봐도 사랑받던 아이였다는 게 전해져요.', '2026-03-22 14:05:00', '2026-03-22 14:05:00'),
    (9647, 9060, 9130, '이별이 너무 아프겠지만 좋은 추억이 오래 남길 바랍니다.', '2026-03-22 14:06:00', '2026-03-22 14:06:00'),
    (9648, 9061, 9130, '별이 된 뒤에도 계속 사랑받고 있다는 걸 느꼈으면 좋겠어요.', '2026-03-22 14:07:00', '2026-03-22 14:07:00'),
    (9649, 9030, 9130, '추모관에 남은 마음들이 큰 위로가 되길 바랍니다.', '2026-03-22 14:08:00', '2026-03-22 14:08:00'),
    (9650, 9064, 9130, '함께한 매일이 얼마나 소중했는지 댓글만 봐도 느껴집니다.', '2026-03-22 14:09:00', '2026-03-22 14:09:00'),
    (9651, 9031, 9131, '따뜻한 기억이 오래 남기를 바랄게요.', '2026-03-22 14:10:00', '2026-03-22 14:10:00'),
    (9652, 9060, 9131, '함께한 시간들이 큰 선물이었다는 게 느껴져요.', '2026-03-22 14:11:00', '2026-03-22 14:11:00'),
    (9653, 9061, 9131, '많이 보고 싶지만 이곳에서 오래 기억할게요.', '2026-03-22 14:12:00', '2026-03-22 14:12:00'),
    (9654, 9062, 9131, '평안한 곳에서 편히 쉬고 있기를 바랍니다.', '2026-03-22 14:13:00', '2026-03-22 14:13:00'),
    (9655, 9031, 9131, '가족에게도 천천히 위로가 찾아오길 바라요.', '2026-03-22 14:14:00', '2026-03-22 14:14:00'),
    (9656, 9060, 9131, '사진만 봐도 사랑받던 아이였다는 게 전해져요.', '2026-03-22 14:15:00', '2026-03-22 14:15:00'),
    (9657, 9061, 9131, '이별이 너무 아프겠지만 좋은 추억이 오래 남길 바랍니다.', '2026-03-22 14:16:00', '2026-03-22 14:16:00'),
    (9658, 9062, 9131, '별이 된 뒤에도 계속 사랑받고 있다는 걸 느꼈으면 좋겠어요.', '2026-03-22 14:17:00', '2026-03-22 14:17:00'),
    (9659, 9031, 9131, '추모관에 남은 마음들이 큰 위로가 되길 바랍니다.', '2026-03-22 14:18:00', '2026-03-22 14:18:00'),
    (9660, 9060, 9131, '함께한 매일이 얼마나 소중했는지 댓글만 봐도 느껴집니다.', '2026-03-22 14:19:00', '2026-03-22 14:19:00'),
    (9661, 9032, 9132, '따뜻한 기억이 오래 남기를 바랄게요.', '2026-03-22 14:20:00', '2026-03-22 14:20:00'),
    (9662, 9061, 9132, '함께한 시간들이 큰 선물이었다는 게 느껴져요.', '2026-03-22 14:21:00', '2026-03-22 14:21:00'),
    (9663, 9062, 9132, '많이 보고 싶지만 이곳에서 오래 기억할게요.', '2026-03-22 14:22:00', '2026-03-22 14:22:00'),
    (9664, 9063, 9132, '평안한 곳에서 편히 쉬고 있기를 바랍니다.', '2026-03-22 14:23:00', '2026-03-22 14:23:00'),
    (9665, 9032, 9132, '가족에게도 천천히 위로가 찾아오길 바라요.', '2026-03-22 14:24:00', '2026-03-22 14:24:00'),
    (9666, 9061, 9132, '사진만 봐도 사랑받던 아이였다는 게 전해져요.', '2026-03-22 14:25:00', '2026-03-22 14:25:00'),
    (9667, 9062, 9132, '이별이 너무 아프겠지만 좋은 추억이 오래 남길 바랍니다.', '2026-03-22 14:26:00', '2026-03-22 14:26:00'),
    (9668, 9063, 9132, '별이 된 뒤에도 계속 사랑받고 있다는 걸 느꼈으면 좋겠어요.', '2026-03-22 14:27:00', '2026-03-22 14:27:00'),
    (9669, 9032, 9132, '추모관에 남은 마음들이 큰 위로가 되길 바랍니다.', '2026-03-22 14:28:00', '2026-03-22 14:28:00'),
    (9670, 9061, 9132, '함께한 매일이 얼마나 소중했는지 댓글만 봐도 느껴집니다.', '2026-03-22 14:29:00', '2026-03-22 14:29:00'),
    (9671, 9033, 9133, '따뜻한 기억이 오래 남기를 바랄게요.', '2026-03-22 14:30:00', '2026-03-22 14:30:00'),
    (9672, 9062, 9133, '함께한 시간들이 큰 선물이었다는 게 느껴져요.', '2026-03-22 14:31:00', '2026-03-22 14:31:00'),
    (9673, 9063, 9133, '많이 보고 싶지만 이곳에서 오래 기억할게요.', '2026-03-22 14:32:00', '2026-03-22 14:32:00'),
    (9674, 9064, 9133, '평안한 곳에서 편히 쉬고 있기를 바랍니다.', '2026-03-22 14:33:00', '2026-03-22 14:33:00'),
    (9675, 9033, 9133, '가족에게도 천천히 위로가 찾아오길 바라요.', '2026-03-22 14:34:00', '2026-03-22 14:34:00'),
    (9676, 9062, 9133, '사진만 봐도 사랑받던 아이였다는 게 전해져요.', '2026-03-22 14:35:00', '2026-03-22 14:35:00'),
    (9677, 9063, 9133, '이별이 너무 아프겠지만 좋은 추억이 오래 남길 바랍니다.', '2026-03-22 14:36:00', '2026-03-22 14:36:00'),
    (9678, 9064, 9133, '별이 된 뒤에도 계속 사랑받고 있다는 걸 느꼈으면 좋겠어요.', '2026-03-22 14:37:00', '2026-03-22 14:37:00'),
    (9679, 9033, 9133, '추모관에 남은 마음들이 큰 위로가 되길 바랍니다.', '2026-03-22 14:38:00', '2026-03-22 14:38:00'),
    (9680, 9062, 9133, '함께한 매일이 얼마나 소중했는지 댓글만 봐도 느껴집니다.', '2026-03-22 14:39:00', '2026-03-22 14:39:00'),
    (9681, 9034, 9134, '따뜻한 기억이 오래 남기를 바랄게요.', '2026-03-22 14:40:00', '2026-03-22 14:40:00'),
    (9682, 9063, 9134, '함께한 시간들이 큰 선물이었다는 게 느껴져요.', '2026-03-22 14:41:00', '2026-03-22 14:41:00'),
    (9683, 9064, 9134, '많이 보고 싶지만 이곳에서 오래 기억할게요.', '2026-03-22 14:42:00', '2026-03-22 14:42:00'),
    (9684, 9060, 9134, '평안한 곳에서 편히 쉬고 있기를 바랍니다.', '2026-03-22 14:43:00', '2026-03-22 14:43:00'),
    (9685, 9034, 9134, '가족에게도 천천히 위로가 찾아오길 바라요.', '2026-03-22 14:44:00', '2026-03-22 14:44:00'),
    (9686, 9063, 9134, '사진만 봐도 사랑받던 아이였다는 게 전해져요.', '2026-03-22 14:45:00', '2026-03-22 14:45:00'),
    (9687, 9064, 9134, '이별이 너무 아프겠지만 좋은 추억이 오래 남길 바랍니다.', '2026-03-22 14:46:00', '2026-03-22 14:46:00'),
    (9688, 9060, 9134, '별이 된 뒤에도 계속 사랑받고 있다는 걸 느꼈으면 좋겠어요.', '2026-03-22 14:47:00', '2026-03-22 14:47:00'),
    (9689, 9034, 9134, '추모관에 남은 마음들이 큰 위로가 되길 바랍니다.', '2026-03-22 14:48:00', '2026-03-22 14:48:00'),
    (9690, 9063, 9134, '함께한 매일이 얼마나 소중했는지 댓글만 봐도 느껴집니다.', '2026-03-22 14:49:00', '2026-03-22 14:49:00'),
    (9691, 9035, 9135, '따뜻한 기억이 오래 남기를 바랄게요.', '2026-03-22 14:50:00', '2026-03-22 14:50:00'),
    (9692, 9064, 9135, '함께한 시간들이 큰 선물이었다는 게 느껴져요.', '2026-03-22 14:51:00', '2026-03-22 14:51:00'),
    (9693, 9060, 9135, '많이 보고 싶지만 이곳에서 오래 기억할게요.', '2026-03-22 14:52:00', '2026-03-22 14:52:00'),
    (9694, 9061, 9135, '평안한 곳에서 편히 쉬고 있기를 바랍니다.', '2026-03-22 14:53:00', '2026-03-22 14:53:00'),
    (9695, 9035, 9135, '가족에게도 천천히 위로가 찾아오길 바라요.', '2026-03-22 14:54:00', '2026-03-22 14:54:00'),
    (9696, 9064, 9135, '사진만 봐도 사랑받던 아이였다는 게 전해져요.', '2026-03-22 14:55:00', '2026-03-22 14:55:00'),
    (9697, 9060, 9135, '이별이 너무 아프겠지만 좋은 추억이 오래 남길 바랍니다.', '2026-03-22 14:56:00', '2026-03-22 14:56:00'),
    (9698, 9061, 9135, '별이 된 뒤에도 계속 사랑받고 있다는 걸 느꼈으면 좋겠어요.', '2026-03-22 14:57:00', '2026-03-22 14:57:00'),
    (9699, 9035, 9135, '추모관에 남은 마음들이 큰 위로가 되길 바랍니다.', '2026-03-22 14:58:00', '2026-03-22 14:58:00'),
    (9700, 9064, 9135, '함께한 매일이 얼마나 소중했는지 댓글만 봐도 느껴집니다.', '2026-03-22 14:59:00', '2026-03-22 14:59:00'),
    (9701, 9036, 9136, '따뜻한 기억이 오래 남기를 바랄게요.', '2026-03-22 15:00:00', '2026-03-22 15:00:00'),
    (9702, 9060, 9136, '함께한 시간들이 큰 선물이었다는 게 느껴져요.', '2026-03-22 15:01:00', '2026-03-22 15:01:00'),
    (9703, 9061, 9136, '많이 보고 싶지만 이곳에서 오래 기억할게요.', '2026-03-22 15:02:00', '2026-03-22 15:02:00'),
    (9704, 9062, 9136, '평안한 곳에서 편히 쉬고 있기를 바랍니다.', '2026-03-22 15:03:00', '2026-03-22 15:03:00'),
    (9705, 9036, 9136, '가족에게도 천천히 위로가 찾아오길 바라요.', '2026-03-22 15:04:00', '2026-03-22 15:04:00'),
    (9706, 9060, 9136, '사진만 봐도 사랑받던 아이였다는 게 전해져요.', '2026-03-22 15:05:00', '2026-03-22 15:05:00'),
    (9707, 9061, 9136, '이별이 너무 아프겠지만 좋은 추억이 오래 남길 바랍니다.', '2026-03-22 15:06:00', '2026-03-22 15:06:00'),
    (9708, 9062, 9136, '별이 된 뒤에도 계속 사랑받고 있다는 걸 느꼈으면 좋겠어요.', '2026-03-22 15:07:00', '2026-03-22 15:07:00'),
    (9709, 9036, 9136, '추모관에 남은 마음들이 큰 위로가 되길 바랍니다.', '2026-03-22 15:08:00', '2026-03-22 15:08:00'),
    (9710, 9060, 9136, '함께한 매일이 얼마나 소중했는지 댓글만 봐도 느껴집니다.', '2026-03-22 15:09:00', '2026-03-22 15:09:00'),
    (9711, 9037, 9137, '따뜻한 기억이 오래 남기를 바랄게요.', '2026-03-22 15:10:00', '2026-03-22 15:10:00'),
    (9712, 9061, 9137, '함께한 시간들이 큰 선물이었다는 게 느껴져요.', '2026-03-22 15:11:00', '2026-03-22 15:11:00'),
    (9713, 9062, 9137, '많이 보고 싶지만 이곳에서 오래 기억할게요.', '2026-03-22 15:12:00', '2026-03-22 15:12:00'),
    (9714, 9063, 9137, '평안한 곳에서 편히 쉬고 있기를 바랍니다.', '2026-03-22 15:13:00', '2026-03-22 15:13:00'),
    (9715, 9037, 9137, '가족에게도 천천히 위로가 찾아오길 바라요.', '2026-03-22 15:14:00', '2026-03-22 15:14:00'),
    (9716, 9061, 9137, '사진만 봐도 사랑받던 아이였다는 게 전해져요.', '2026-03-22 15:15:00', '2026-03-22 15:15:00'),
    (9717, 9062, 9137, '이별이 너무 아프겠지만 좋은 추억이 오래 남길 바랍니다.', '2026-03-22 15:16:00', '2026-03-22 15:16:00'),
    (9718, 9063, 9137, '별이 된 뒤에도 계속 사랑받고 있다는 걸 느꼈으면 좋겠어요.', '2026-03-22 15:17:00', '2026-03-22 15:17:00'),
    (9719, 9037, 9137, '추모관에 남은 마음들이 큰 위로가 되길 바랍니다.', '2026-03-22 15:18:00', '2026-03-22 15:18:00'),
    (9720, 9061, 9137, '함께한 매일이 얼마나 소중했는지 댓글만 봐도 느껴집니다.', '2026-03-22 15:19:00', '2026-03-22 15:19:00'),
    (9721, 9038, 9138, '따뜻한 기억이 오래 남기를 바랄게요.', '2026-03-22 15:20:00', '2026-03-22 15:20:00'),
    (9722, 9062, 9138, '함께한 시간들이 큰 선물이었다는 게 느껴져요.', '2026-03-22 15:21:00', '2026-03-22 15:21:00'),
    (9723, 9063, 9138, '많이 보고 싶지만 이곳에서 오래 기억할게요.', '2026-03-22 15:22:00', '2026-03-22 15:22:00'),
    (9724, 9064, 9138, '평안한 곳에서 편히 쉬고 있기를 바랍니다.', '2026-03-22 15:23:00', '2026-03-22 15:23:00'),
    (9725, 9038, 9138, '가족에게도 천천히 위로가 찾아오길 바라요.', '2026-03-22 15:24:00', '2026-03-22 15:24:00'),
    (9726, 9062, 9138, '사진만 봐도 사랑받던 아이였다는 게 전해져요.', '2026-03-22 15:25:00', '2026-03-22 15:25:00'),
    (9727, 9063, 9138, '이별이 너무 아프겠지만 좋은 추억이 오래 남길 바랍니다.', '2026-03-22 15:26:00', '2026-03-22 15:26:00'),
    (9728, 9064, 9138, '별이 된 뒤에도 계속 사랑받고 있다는 걸 느꼈으면 좋겠어요.', '2026-03-22 15:27:00', '2026-03-22 15:27:00'),
    (9729, 9038, 9138, '추모관에 남은 마음들이 큰 위로가 되길 바랍니다.', '2026-03-22 15:28:00', '2026-03-22 15:28:00'),
    (9730, 9062, 9138, '함께한 매일이 얼마나 소중했는지 댓글만 봐도 느껴집니다.', '2026-03-22 15:29:00', '2026-03-22 15:29:00'),
    (9731, 9039, 9139, '따뜻한 기억이 오래 남기를 바랄게요.', '2026-03-22 15:30:00', '2026-03-22 15:30:00'),
    (9732, 9063, 9139, '함께한 시간들이 큰 선물이었다는 게 느껴져요.', '2026-03-22 15:31:00', '2026-03-22 15:31:00'),
    (9733, 9064, 9139, '많이 보고 싶지만 이곳에서 오래 기억할게요.', '2026-03-22 15:32:00', '2026-03-22 15:32:00'),
    (9734, 9060, 9139, '평안한 곳에서 편히 쉬고 있기를 바랍니다.', '2026-03-22 15:33:00', '2026-03-22 15:33:00'),
    (9735, 9039, 9139, '가족에게도 천천히 위로가 찾아오길 바라요.', '2026-03-22 15:34:00', '2026-03-22 15:34:00'),
    (9736, 9063, 9139, '사진만 봐도 사랑받던 아이였다는 게 전해져요.', '2026-03-22 15:35:00', '2026-03-22 15:35:00'),
    (9737, 9064, 9139, '이별이 너무 아프겠지만 좋은 추억이 오래 남길 바랍니다.', '2026-03-22 15:36:00', '2026-03-22 15:36:00'),
    (9738, 9060, 9139, '별이 된 뒤에도 계속 사랑받고 있다는 걸 느꼈으면 좋겠어요.', '2026-03-22 15:37:00', '2026-03-22 15:37:00'),
    (9739, 9039, 9139, '추모관에 남은 마음들이 큰 위로가 되길 바랍니다.', '2026-03-22 15:38:00', '2026-03-22 15:38:00'),
    (9740, 9063, 9139, '함께한 매일이 얼마나 소중했는지 댓글만 봐도 느껴집니다.', '2026-03-22 15:39:00', '2026-03-22 15:39:00'),
    (9741, 9040, 9140, '따뜻한 기억이 오래 남기를 바랄게요.', '2026-03-22 15:40:00', '2026-03-22 15:40:00'),
    (9742, 9064, 9140, '함께한 시간들이 큰 선물이었다는 게 느껴져요.', '2026-03-22 15:41:00', '2026-03-22 15:41:00'),
    (9743, 9060, 9140, '많이 보고 싶지만 이곳에서 오래 기억할게요.', '2026-03-22 15:42:00', '2026-03-22 15:42:00'),
    (9744, 9061, 9140, '평안한 곳에서 편히 쉬고 있기를 바랍니다.', '2026-03-22 15:43:00', '2026-03-22 15:43:00'),
    (9745, 9040, 9140, '가족에게도 천천히 위로가 찾아오길 바라요.', '2026-03-22 15:44:00', '2026-03-22 15:44:00'),
    (9746, 9064, 9140, '사진만 봐도 사랑받던 아이였다는 게 전해져요.', '2026-03-22 15:45:00', '2026-03-22 15:45:00'),
    (9747, 9060, 9140, '이별이 너무 아프겠지만 좋은 추억이 오래 남길 바랍니다.', '2026-03-22 15:46:00', '2026-03-22 15:46:00'),
    (9748, 9061, 9140, '별이 된 뒤에도 계속 사랑받고 있다는 걸 느꼈으면 좋겠어요.', '2026-03-22 15:47:00', '2026-03-22 15:47:00'),
    (9749, 9040, 9140, '추모관에 남은 마음들이 큰 위로가 되길 바랍니다.', '2026-03-22 15:48:00', '2026-03-22 15:48:00'),
    (9750, 9064, 9140, '함께한 매일이 얼마나 소중했는지 댓글만 봐도 느껴집니다.', '2026-03-22 15:49:00', '2026-03-22 15:49:00'),
    (9751, 9041, 9141, '따뜻한 기억이 오래 남기를 바랄게요.', '2026-03-22 15:50:00', '2026-03-22 15:50:00'),
    (9752, 9060, 9141, '함께한 시간들이 큰 선물이었다는 게 느껴져요.', '2026-03-22 15:51:00', '2026-03-22 15:51:00'),
    (9753, 9061, 9141, '많이 보고 싶지만 이곳에서 오래 기억할게요.', '2026-03-22 15:52:00', '2026-03-22 15:52:00'),
    (9754, 9062, 9141, '평안한 곳에서 편히 쉬고 있기를 바랍니다.', '2026-03-22 15:53:00', '2026-03-22 15:53:00'),
    (9755, 9041, 9141, '가족에게도 천천히 위로가 찾아오길 바라요.', '2026-03-22 15:54:00', '2026-03-22 15:54:00'),
    (9756, 9060, 9141, '사진만 봐도 사랑받던 아이였다는 게 전해져요.', '2026-03-22 15:55:00', '2026-03-22 15:55:00'),
    (9757, 9061, 9141, '이별이 너무 아프겠지만 좋은 추억이 오래 남길 바랍니다.', '2026-03-22 15:56:00', '2026-03-22 15:56:00'),
    (9758, 9062, 9141, '별이 된 뒤에도 계속 사랑받고 있다는 걸 느꼈으면 좋겠어요.', '2026-03-22 15:57:00', '2026-03-22 15:57:00'),
    (9759, 9041, 9141, '추모관에 남은 마음들이 큰 위로가 되길 바랍니다.', '2026-03-22 15:58:00', '2026-03-22 15:58:00'),
    (9760, 9060, 9141, '함께한 매일이 얼마나 소중했는지 댓글만 봐도 느껴집니다.', '2026-03-22 15:59:00', '2026-03-22 15:59:00'),
    (9761, 9042, 9142, '따뜻한 기억이 오래 남기를 바랄게요.', '2026-03-22 16:00:00', '2026-03-22 16:00:00'),
    (9762, 9061, 9142, '함께한 시간들이 큰 선물이었다는 게 느껴져요.', '2026-03-22 16:01:00', '2026-03-22 16:01:00'),
    (9763, 9062, 9142, '많이 보고 싶지만 이곳에서 오래 기억할게요.', '2026-03-22 16:02:00', '2026-03-22 16:02:00'),
    (9764, 9063, 9142, '평안한 곳에서 편히 쉬고 있기를 바랍니다.', '2026-03-22 16:03:00', '2026-03-22 16:03:00'),
    (9765, 9042, 9142, '가족에게도 천천히 위로가 찾아오길 바라요.', '2026-03-22 16:04:00', '2026-03-22 16:04:00'),
    (9766, 9061, 9142, '사진만 봐도 사랑받던 아이였다는 게 전해져요.', '2026-03-22 16:05:00', '2026-03-22 16:05:00'),
    (9767, 9062, 9142, '이별이 너무 아프겠지만 좋은 추억이 오래 남길 바랍니다.', '2026-03-22 16:06:00', '2026-03-22 16:06:00'),
    (9768, 9063, 9142, '별이 된 뒤에도 계속 사랑받고 있다는 걸 느꼈으면 좋겠어요.', '2026-03-22 16:07:00', '2026-03-22 16:07:00'),
    (9769, 9042, 9142, '추모관에 남은 마음들이 큰 위로가 되길 바랍니다.', '2026-03-22 16:08:00', '2026-03-22 16:08:00'),
    (9770, 9061, 9142, '함께한 매일이 얼마나 소중했는지 댓글만 봐도 느껴집니다.', '2026-03-22 16:09:00', '2026-03-22 16:09:00'),
    (9771, 9043, 9143, '따뜻한 기억이 오래 남기를 바랄게요.', '2026-03-22 16:10:00', '2026-03-22 16:10:00'),
    (9772, 9062, 9143, '함께한 시간들이 큰 선물이었다는 게 느껴져요.', '2026-03-22 16:11:00', '2026-03-22 16:11:00'),
    (9773, 9063, 9143, '많이 보고 싶지만 이곳에서 오래 기억할게요.', '2026-03-22 16:12:00', '2026-03-22 16:12:00'),
    (9774, 9064, 9143, '평안한 곳에서 편히 쉬고 있기를 바랍니다.', '2026-03-22 16:13:00', '2026-03-22 16:13:00'),
    (9775, 9043, 9143, '가족에게도 천천히 위로가 찾아오길 바라요.', '2026-03-22 16:14:00', '2026-03-22 16:14:00'),
    (9776, 9062, 9143, '사진만 봐도 사랑받던 아이였다는 게 전해져요.', '2026-03-22 16:15:00', '2026-03-22 16:15:00'),
    (9777, 9063, 9143, '이별이 너무 아프겠지만 좋은 추억이 오래 남길 바랍니다.', '2026-03-22 16:16:00', '2026-03-22 16:16:00'),
    (9778, 9064, 9143, '별이 된 뒤에도 계속 사랑받고 있다는 걸 느꼈으면 좋겠어요.', '2026-03-22 16:17:00', '2026-03-22 16:17:00'),
    (9779, 9043, 9143, '추모관에 남은 마음들이 큰 위로가 되길 바랍니다.', '2026-03-22 16:18:00', '2026-03-22 16:18:00'),
    (9780, 9062, 9143, '함께한 매일이 얼마나 소중했는지 댓글만 봐도 느껴집니다.', '2026-03-22 16:19:00', '2026-03-22 16:19:00'),
    (9781, 9044, 9144, '따뜻한 기억이 오래 남기를 바랄게요.', '2026-03-22 16:20:00', '2026-03-22 16:20:00'),
    (9782, 9063, 9144, '함께한 시간들이 큰 선물이었다는 게 느껴져요.', '2026-03-22 16:21:00', '2026-03-22 16:21:00'),
    (9783, 9064, 9144, '많이 보고 싶지만 이곳에서 오래 기억할게요.', '2026-03-22 16:22:00', '2026-03-22 16:22:00'),
    (9784, 9060, 9144, '평안한 곳에서 편히 쉬고 있기를 바랍니다.', '2026-03-22 16:23:00', '2026-03-22 16:23:00'),
    (9785, 9044, 9144, '가족에게도 천천히 위로가 찾아오길 바라요.', '2026-03-22 16:24:00', '2026-03-22 16:24:00'),
    (9786, 9063, 9144, '사진만 봐도 사랑받던 아이였다는 게 전해져요.', '2026-03-22 16:25:00', '2026-03-22 16:25:00'),
    (9787, 9064, 9144, '이별이 너무 아프겠지만 좋은 추억이 오래 남길 바랍니다.', '2026-03-22 16:26:00', '2026-03-22 16:26:00'),
    (9788, 9060, 9144, '별이 된 뒤에도 계속 사랑받고 있다는 걸 느꼈으면 좋겠어요.', '2026-03-22 16:27:00', '2026-03-22 16:27:00'),
    (9789, 9044, 9144, '추모관에 남은 마음들이 큰 위로가 되길 바랍니다.', '2026-03-22 16:28:00', '2026-03-22 16:28:00'),
    (9790, 9063, 9144, '함께한 매일이 얼마나 소중했는지 댓글만 봐도 느껴집니다.', '2026-03-22 16:29:00', '2026-03-22 16:29:00'),
    (9791, 9045, 9145, '따뜻한 기억이 오래 남기를 바랄게요.', '2026-03-22 16:30:00', '2026-03-22 16:30:00'),
    (9792, 9064, 9145, '함께한 시간들이 큰 선물이었다는 게 느껴져요.', '2026-03-22 16:31:00', '2026-03-22 16:31:00'),
    (9793, 9060, 9145, '많이 보고 싶지만 이곳에서 오래 기억할게요.', '2026-03-22 16:32:00', '2026-03-22 16:32:00'),
    (9794, 9061, 9145, '평안한 곳에서 편히 쉬고 있기를 바랍니다.', '2026-03-22 16:33:00', '2026-03-22 16:33:00'),
    (9795, 9045, 9145, '가족에게도 천천히 위로가 찾아오길 바라요.', '2026-03-22 16:34:00', '2026-03-22 16:34:00'),
    (9796, 9064, 9145, '사진만 봐도 사랑받던 아이였다는 게 전해져요.', '2026-03-22 16:35:00', '2026-03-22 16:35:00'),
    (9797, 9060, 9145, '이별이 너무 아프겠지만 좋은 추억이 오래 남길 바랍니다.', '2026-03-22 16:36:00', '2026-03-22 16:36:00'),
    (9798, 9061, 9145, '별이 된 뒤에도 계속 사랑받고 있다는 걸 느꼈으면 좋겠어요.', '2026-03-22 16:37:00', '2026-03-22 16:37:00'),
    (9799, 9045, 9145, '추모관에 남은 마음들이 큰 위로가 되길 바랍니다.', '2026-03-22 16:38:00', '2026-03-22 16:38:00'),
    (9800, 9064, 9145, '함께한 매일이 얼마나 소중했는지 댓글만 봐도 느껴집니다.', '2026-03-22 16:39:00', '2026-03-22 16:39:00'),
    (9801, 9046, 9146, '따뜻한 기억이 오래 남기를 바랄게요.', '2026-03-22 16:40:00', '2026-03-22 16:40:00'),
    (9802, 9060, 9146, '함께한 시간들이 큰 선물이었다는 게 느껴져요.', '2026-03-22 16:41:00', '2026-03-22 16:41:00'),
    (9803, 9061, 9146, '많이 보고 싶지만 이곳에서 오래 기억할게요.', '2026-03-22 16:42:00', '2026-03-22 16:42:00'),
    (9804, 9062, 9146, '평안한 곳에서 편히 쉬고 있기를 바랍니다.', '2026-03-22 16:43:00', '2026-03-22 16:43:00'),
    (9805, 9046, 9146, '가족에게도 천천히 위로가 찾아오길 바라요.', '2026-03-22 16:44:00', '2026-03-22 16:44:00'),
    (9806, 9060, 9146, '사진만 봐도 사랑받던 아이였다는 게 전해져요.', '2026-03-22 16:45:00', '2026-03-22 16:45:00'),
    (9807, 9061, 9146, '이별이 너무 아프겠지만 좋은 추억이 오래 남길 바랍니다.', '2026-03-22 16:46:00', '2026-03-22 16:46:00'),
    (9808, 9062, 9146, '별이 된 뒤에도 계속 사랑받고 있다는 걸 느꼈으면 좋겠어요.', '2026-03-22 16:47:00', '2026-03-22 16:47:00'),
    (9809, 9046, 9146, '추모관에 남은 마음들이 큰 위로가 되길 바랍니다.', '2026-03-22 16:48:00', '2026-03-22 16:48:00'),
    (9810, 9060, 9146, '함께한 매일이 얼마나 소중했는지 댓글만 봐도 느껴집니다.', '2026-03-22 16:49:00', '2026-03-22 16:49:00'),
    (9811, 9047, 9147, '따뜻한 기억이 오래 남기를 바랄게요.', '2026-03-22 16:50:00', '2026-03-22 16:50:00'),
    (9812, 9061, 9147, '함께한 시간들이 큰 선물이었다는 게 느껴져요.', '2026-03-22 16:51:00', '2026-03-22 16:51:00'),
    (9813, 9062, 9147, '많이 보고 싶지만 이곳에서 오래 기억할게요.', '2026-03-22 16:52:00', '2026-03-22 16:52:00'),
    (9814, 9063, 9147, '평안한 곳에서 편히 쉬고 있기를 바랍니다.', '2026-03-22 16:53:00', '2026-03-22 16:53:00'),
    (9815, 9047, 9147, '가족에게도 천천히 위로가 찾아오길 바라요.', '2026-03-22 16:54:00', '2026-03-22 16:54:00'),
    (9816, 9061, 9147, '사진만 봐도 사랑받던 아이였다는 게 전해져요.', '2026-03-22 16:55:00', '2026-03-22 16:55:00'),
    (9817, 9062, 9147, '이별이 너무 아프겠지만 좋은 추억이 오래 남길 바랍니다.', '2026-03-22 16:56:00', '2026-03-22 16:56:00'),
    (9818, 9063, 9147, '별이 된 뒤에도 계속 사랑받고 있다는 걸 느꼈으면 좋겠어요.', '2026-03-22 16:57:00', '2026-03-22 16:57:00'),
    (9819, 9047, 9147, '추모관에 남은 마음들이 큰 위로가 되길 바랍니다.', '2026-03-22 16:58:00', '2026-03-22 16:58:00'),
    (9820, 9061, 9147, '함께한 매일이 얼마나 소중했는지 댓글만 봐도 느껴집니다.', '2026-03-22 16:59:00', '2026-03-22 16:59:00'),
    (9821, 9048, 9148, '따뜻한 기억이 오래 남기를 바랄게요.', '2026-03-22 17:00:00', '2026-03-22 17:00:00'),
    (9822, 9062, 9148, '함께한 시간들이 큰 선물이었다는 게 느껴져요.', '2026-03-22 17:01:00', '2026-03-22 17:01:00'),
    (9823, 9063, 9148, '많이 보고 싶지만 이곳에서 오래 기억할게요.', '2026-03-22 17:02:00', '2026-03-22 17:02:00'),
    (9824, 9064, 9148, '평안한 곳에서 편히 쉬고 있기를 바랍니다.', '2026-03-22 17:03:00', '2026-03-22 17:03:00'),
    (9825, 9048, 9148, '가족에게도 천천히 위로가 찾아오길 바라요.', '2026-03-22 17:04:00', '2026-03-22 17:04:00'),
    (9826, 9062, 9148, '사진만 봐도 사랑받던 아이였다는 게 전해져요.', '2026-03-22 17:05:00', '2026-03-22 17:05:00'),
    (9827, 9063, 9148, '이별이 너무 아프겠지만 좋은 추억이 오래 남길 바랍니다.', '2026-03-22 17:06:00', '2026-03-22 17:06:00'),
    (9828, 9064, 9148, '별이 된 뒤에도 계속 사랑받고 있다는 걸 느꼈으면 좋겠어요.', '2026-03-22 17:07:00', '2026-03-22 17:07:00'),
    (9829, 9048, 9148, '추모관에 남은 마음들이 큰 위로가 되길 바랍니다.', '2026-03-22 17:08:00', '2026-03-22 17:08:00'),
    (9830, 9062, 9148, '함께한 매일이 얼마나 소중했는지 댓글만 봐도 느껴집니다.', '2026-03-22 17:09:00', '2026-03-22 17:09:00'),
    (9831, 9049, 9149, '따뜻한 기억이 오래 남기를 바랄게요.', '2026-03-22 17:10:00', '2026-03-22 17:10:00'),
    (9832, 9063, 9149, '함께한 시간들이 큰 선물이었다는 게 느껴져요.', '2026-03-22 17:11:00', '2026-03-22 17:11:00'),
    (9833, 9064, 9149, '많이 보고 싶지만 이곳에서 오래 기억할게요.', '2026-03-22 17:12:00', '2026-03-22 17:12:00'),
    (9834, 9060, 9149, '평안한 곳에서 편히 쉬고 있기를 바랍니다.', '2026-03-22 17:13:00', '2026-03-22 17:13:00'),
    (9835, 9049, 9149, '가족에게도 천천히 위로가 찾아오길 바라요.', '2026-03-22 17:14:00', '2026-03-22 17:14:00'),
    (9836, 9063, 9149, '사진만 봐도 사랑받던 아이였다는 게 전해져요.', '2026-03-22 17:15:00', '2026-03-22 17:15:00'),
    (9837, 9064, 9149, '이별이 너무 아프겠지만 좋은 추억이 오래 남길 바랍니다.', '2026-03-22 17:16:00', '2026-03-22 17:16:00'),
    (9838, 9060, 9149, '별이 된 뒤에도 계속 사랑받고 있다는 걸 느꼈으면 좋겠어요.', '2026-03-22 17:17:00', '2026-03-22 17:17:00'),
    (9839, 9049, 9149, '추모관에 남은 마음들이 큰 위로가 되길 바랍니다.', '2026-03-22 17:18:00', '2026-03-22 17:18:00'),
    (9840, 9063, 9149, '함께한 매일이 얼마나 소중했는지 댓글만 봐도 느껴집니다.', '2026-03-22 17:19:00', '2026-03-22 17:19:00'),
    (9841, 9050, 9150, '따뜻한 기억이 오래 남기를 바랄게요.', '2026-03-22 17:20:00', '2026-03-22 17:20:00'),
    (9842, 9064, 9150, '함께한 시간들이 큰 선물이었다는 게 느껴져요.', '2026-03-22 17:21:00', '2026-03-22 17:21:00'),
    (9843, 9060, 9150, '많이 보고 싶지만 이곳에서 오래 기억할게요.', '2026-03-22 17:22:00', '2026-03-22 17:22:00'),
    (9844, 9061, 9150, '평안한 곳에서 편히 쉬고 있기를 바랍니다.', '2026-03-22 17:23:00', '2026-03-22 17:23:00'),
    (9845, 9050, 9150, '가족에게도 천천히 위로가 찾아오길 바라요.', '2026-03-22 17:24:00', '2026-03-22 17:24:00'),
    (9846, 9064, 9150, '사진만 봐도 사랑받던 아이였다는 게 전해져요.', '2026-03-22 17:25:00', '2026-03-22 17:25:00'),
    (9847, 9060, 9150, '이별이 너무 아프겠지만 좋은 추억이 오래 남길 바랍니다.', '2026-03-22 17:26:00', '2026-03-22 17:26:00'),
    (9848, 9061, 9150, '별이 된 뒤에도 계속 사랑받고 있다는 걸 느꼈으면 좋겠어요.', '2026-03-22 17:27:00', '2026-03-22 17:27:00'),
    (9849, 9050, 9150, '추모관에 남은 마음들이 큰 위로가 되길 바랍니다.', '2026-03-22 17:28:00', '2026-03-22 17:28:00'),
    (9850, 9064, 9150, '함께한 매일이 얼마나 소중했는지 댓글만 봐도 느껴집니다.', '2026-03-22 17:29:00', '2026-03-22 17:29:00'),
    (9851, 9051, 9151, '따뜻한 기억이 오래 남기를 바랄게요.', '2026-03-22 17:30:00', '2026-03-22 17:30:00'),
    (9852, 9060, 9151, '함께한 시간들이 큰 선물이었다는 게 느껴져요.', '2026-03-22 17:31:00', '2026-03-22 17:31:00'),
    (9853, 9061, 9151, '많이 보고 싶지만 이곳에서 오래 기억할게요.', '2026-03-22 17:32:00', '2026-03-22 17:32:00'),
    (9854, 9062, 9151, '평안한 곳에서 편히 쉬고 있기를 바랍니다.', '2026-03-22 17:33:00', '2026-03-22 17:33:00'),
    (9855, 9051, 9151, '가족에게도 천천히 위로가 찾아오길 바라요.', '2026-03-22 17:34:00', '2026-03-22 17:34:00'),
    (9856, 9060, 9151, '사진만 봐도 사랑받던 아이였다는 게 전해져요.', '2026-03-22 17:35:00', '2026-03-22 17:35:00'),
    (9857, 9061, 9151, '이별이 너무 아프겠지만 좋은 추억이 오래 남길 바랍니다.', '2026-03-22 17:36:00', '2026-03-22 17:36:00'),
    (9858, 9062, 9151, '별이 된 뒤에도 계속 사랑받고 있다는 걸 느꼈으면 좋겠어요.', '2026-03-22 17:37:00', '2026-03-22 17:37:00'),
    (9859, 9051, 9151, '추모관에 남은 마음들이 큰 위로가 되길 바랍니다.', '2026-03-22 17:38:00', '2026-03-22 17:38:00'),
    (9860, 9060, 9151, '함께한 매일이 얼마나 소중했는지 댓글만 봐도 느껴집니다.', '2026-03-22 17:39:00', '2026-03-22 17:39:00'),
    (9861, 9052, 9152, '따뜻한 기억이 오래 남기를 바랄게요.', '2026-03-22 17:40:00', '2026-03-22 17:40:00'),
    (9862, 9061, 9152, '함께한 시간들이 큰 선물이었다는 게 느껴져요.', '2026-03-22 17:41:00', '2026-03-22 17:41:00'),
    (9863, 9062, 9152, '많이 보고 싶지만 이곳에서 오래 기억할게요.', '2026-03-22 17:42:00', '2026-03-22 17:42:00'),
    (9864, 9063, 9152, '평안한 곳에서 편히 쉬고 있기를 바랍니다.', '2026-03-22 17:43:00', '2026-03-22 17:43:00'),
    (9865, 9052, 9152, '가족에게도 천천히 위로가 찾아오길 바라요.', '2026-03-22 17:44:00', '2026-03-22 17:44:00'),
    (9866, 9061, 9152, '사진만 봐도 사랑받던 아이였다는 게 전해져요.', '2026-03-22 17:45:00', '2026-03-22 17:45:00'),
    (9867, 9062, 9152, '이별이 너무 아프겠지만 좋은 추억이 오래 남길 바랍니다.', '2026-03-22 17:46:00', '2026-03-22 17:46:00'),
    (9868, 9063, 9152, '별이 된 뒤에도 계속 사랑받고 있다는 걸 느꼈으면 좋겠어요.', '2026-03-22 17:47:00', '2026-03-22 17:47:00'),
    (9869, 9052, 9152, '추모관에 남은 마음들이 큰 위로가 되길 바랍니다.', '2026-03-22 17:48:00', '2026-03-22 17:48:00'),
    (9870, 9061, 9152, '함께한 매일이 얼마나 소중했는지 댓글만 봐도 느껴집니다.', '2026-03-22 17:49:00', '2026-03-22 17:49:00'),
    (9871, 9053, 9153, '따뜻한 기억이 오래 남기를 바랄게요.', '2026-03-22 17:50:00', '2026-03-22 17:50:00'),
    (9872, 9062, 9153, '함께한 시간들이 큰 선물이었다는 게 느껴져요.', '2026-03-22 17:51:00', '2026-03-22 17:51:00'),
    (9873, 9063, 9153, '많이 보고 싶지만 이곳에서 오래 기억할게요.', '2026-03-22 17:52:00', '2026-03-22 17:52:00'),
    (9874, 9064, 9153, '평안한 곳에서 편히 쉬고 있기를 바랍니다.', '2026-03-22 17:53:00', '2026-03-22 17:53:00'),
    (9875, 9053, 9153, '가족에게도 천천히 위로가 찾아오길 바라요.', '2026-03-22 17:54:00', '2026-03-22 17:54:00'),
    (9876, 9062, 9153, '사진만 봐도 사랑받던 아이였다는 게 전해져요.', '2026-03-22 17:55:00', '2026-03-22 17:55:00'),
    (9877, 9063, 9153, '이별이 너무 아프겠지만 좋은 추억이 오래 남길 바랍니다.', '2026-03-22 17:56:00', '2026-03-22 17:56:00'),
    (9878, 9064, 9153, '별이 된 뒤에도 계속 사랑받고 있다는 걸 느꼈으면 좋겠어요.', '2026-03-22 17:57:00', '2026-03-22 17:57:00'),
    (9879, 9053, 9153, '추모관에 남은 마음들이 큰 위로가 되길 바랍니다.', '2026-03-22 17:58:00', '2026-03-22 17:58:00'),
    (9880, 9062, 9153, '함께한 매일이 얼마나 소중했는지 댓글만 봐도 느껴집니다.', '2026-03-22 17:59:00', '2026-03-22 17:59:00'),
    (9881, 9054, 9154, '따뜻한 기억이 오래 남기를 바랄게요.', '2026-03-22 18:00:00', '2026-03-22 18:00:00'),
    (9882, 9063, 9154, '함께한 시간들이 큰 선물이었다는 게 느껴져요.', '2026-03-22 18:01:00', '2026-03-22 18:01:00'),
    (9883, 9064, 9154, '많이 보고 싶지만 이곳에서 오래 기억할게요.', '2026-03-22 18:02:00', '2026-03-22 18:02:00'),
    (9884, 9060, 9154, '평안한 곳에서 편히 쉬고 있기를 바랍니다.', '2026-03-22 18:03:00', '2026-03-22 18:03:00'),
    (9885, 9054, 9154, '가족에게도 천천히 위로가 찾아오길 바라요.', '2026-03-22 18:04:00', '2026-03-22 18:04:00'),
    (9886, 9063, 9154, '사진만 봐도 사랑받던 아이였다는 게 전해져요.', '2026-03-22 18:05:00', '2026-03-22 18:05:00'),
    (9887, 9064, 9154, '이별이 너무 아프겠지만 좋은 추억이 오래 남길 바랍니다.', '2026-03-22 18:06:00', '2026-03-22 18:06:00'),
    (9888, 9060, 9154, '별이 된 뒤에도 계속 사랑받고 있다는 걸 느꼈으면 좋겠어요.', '2026-03-22 18:07:00', '2026-03-22 18:07:00'),
    (9889, 9054, 9154, '추모관에 남은 마음들이 큰 위로가 되길 바랍니다.', '2026-03-22 18:08:00', '2026-03-22 18:08:00'),
    (9890, 9063, 9154, '함께한 매일이 얼마나 소중했는지 댓글만 봐도 느껴집니다.', '2026-03-22 18:09:00', '2026-03-22 18:09:00'),
    (9891, 9055, 9155, '따뜻한 기억이 오래 남기를 바랄게요.', '2026-03-22 18:10:00', '2026-03-22 18:10:00'),
    (9892, 9064, 9155, '함께한 시간들이 큰 선물이었다는 게 느껴져요.', '2026-03-22 18:11:00', '2026-03-22 18:11:00'),
    (9893, 9060, 9155, '많이 보고 싶지만 이곳에서 오래 기억할게요.', '2026-03-22 18:12:00', '2026-03-22 18:12:00'),
    (9894, 9061, 9155, '평안한 곳에서 편히 쉬고 있기를 바랍니다.', '2026-03-22 18:13:00', '2026-03-22 18:13:00'),
    (9895, 9055, 9155, '가족에게도 천천히 위로가 찾아오길 바라요.', '2026-03-22 18:14:00', '2026-03-22 18:14:00'),
    (9896, 9064, 9155, '사진만 봐도 사랑받던 아이였다는 게 전해져요.', '2026-03-22 18:15:00', '2026-03-22 18:15:00'),
    (9897, 9060, 9155, '이별이 너무 아프겠지만 좋은 추억이 오래 남길 바랍니다.', '2026-03-22 18:16:00', '2026-03-22 18:16:00'),
    (9898, 9061, 9155, '별이 된 뒤에도 계속 사랑받고 있다는 걸 느꼈으면 좋겠어요.', '2026-03-22 18:17:00', '2026-03-22 18:17:00'),
    (9899, 9055, 9155, '추모관에 남은 마음들이 큰 위로가 되길 바랍니다.', '2026-03-22 18:18:00', '2026-03-22 18:18:00'),
    (9900, 9064, 9155, '함께한 매일이 얼마나 소중했는지 댓글만 봐도 느껴집니다.', '2026-03-22 18:19:00', '2026-03-22 18:19:00')
ON DUPLICATE KEY UPDATE
    user_id = VALUES(user_id),
    pet_id = VALUES(pet_id),
    content = VALUES(content),
    updated_at = VALUES(updated_at);
